objective,seed,generator,sigma,n_cand,best_b80
func2C,1026,keep,0.0,1000,-0.20632554515168544
func2C,1026,keep,0.0,50,-0.20632189792278907
func2C,1026,keep,1.0,1000,-0.2062768926750635
func2C,1026,keep,1.0,50,-0.2047012123251295
func2C,1026,keep,3.0,1000,-0.20488309143848765
func2C,1026,keep,3.0,50,-0.1802897194428545
func2C,1026,keep,10.0,1000,0.03141393279483489
func2C,1026,keep,10.0,50,-0.2032447737251096
func2C,1026,keep,30.0,1000,0.02948074284198058
func2C,1026,keep,30.0,50,-0.20258854703002854
func2C,1026,keep,100.0,1000,0.0032723137856609645
func2C,1026,keep,100.0,50,0.022462282590110932
func2C,1026,flip,0.0,1000,-0.20425845182518693
func2C,1026,flip,0.0,50,-0.16240731951287915
func2C,1026,flip,1.0,1000,-0.05623624219700196
func2C,1026,flip,1.0,50,0.006441006810705458
func2C,1026,flip,3.0,1000,-0.11187540322604268
func2C,1026,flip,3.0,50,-0.19501642925006263
func2C,1026,flip,10.0,1000,-0.05287949002993484
func2C,1026,flip,10.0,50,-0.1532888575331725
func2C,1026,flip,30.0,1000,-0.06916797466486942
func2C,1026,flip,30.0,50,0.013561072554416909
func2C,1026,flip,100.0,1000,-0.08324268359050362
func2C,1026,flip,100.0,50,-0.11757379032580466
func2C,1027,keep,0.0,1000,-0.20632470683712884
func2C,1027,keep,0.0,50,-0.20631111897212234
func2C,1027,keep,1.0,1000,-0.19358894777000119
func2C,1027,keep,1.0,50,-0.20617860369797286
func2C,1027,keep,3.0,1000,-0.19829988894046202
func2C,1027,keep,3.0,50,-0.06521099933346361
func2C,1027,keep,10.0,1000,0.02099563064194105
func2C,1027,keep,10.0,50,0.05252209465725497
func2C,1027,keep,30.0,1000,-0.020421978155130915
func2C,1027,keep,30.0,50,-0.022165126314049086
func2C,1027,keep,100.0,1000,0.035184329720198554
func2C,1027,keep,100.0,50,0.019359975332761528
func2C,1027,flip,0.0,1000,-0.20394172898602622
func2C,1027,flip,0.0,50,-0.19486188564406678
func2C,1027,flip,1.0,1000,-0.1330666145061849
func2C,1027,flip,1.0,50,-0.12015165606158258
func2C,1027,flip,3.0,1000,-0.006981915133929118
func2C,1027,flip,3.0,50,-0.17334124950205743
func2C,1027,flip,10.0,1000,-0.0558355182236019
func2C,1027,flip,10.0,50,-0.03397039761828149
func2C,1027,flip,30.0,1000,-0.1270343760921751
func2C,1027,flip,30.0,50,0.005631248293387736
func2C,1027,flip,100.0,1000,-0.02744253601543121
func2C,1027,flip,100.0,50,-0.057351321260403584
func2C,1028,keep,0.0,1000,-0.20632534710942335
func2C,1028,keep,0.0,50,-0.20632566506788258
func2C,1028,keep,1.0,1000,-0.12066124533352693
func2C,1028,keep,1.0,50,-0.20630791113321933
func2C,1028,keep,3.0,1000,-0.20048090439039146
func2C,1028,keep,3.0,50,-0.18809373071495952
func2C,1028,keep,10.0,1000,-0.07676328262504238
func2C,1028,keep,10.0,50,-0.12219563047694978
func2C,1028,keep,30.0,1000,0.02812359544923846
func2C,1028,keep,30.0,50,-0.20379680049133353
func2C,1028,keep,100.0,1000,0.004603212310155231
func2C,1028,keep,100.0,50,0.00022415799499628936
func2C,1028,flip,0.0,1000,-0.20494585008400223
func2C,1028,flip,0.0,50,-0.1874176535921706
func2C,1028,flip,1.0,1000,-0.18085598803183855
func2C,1028,flip,1.0,50,-0.19169727612634085
func2C,1028,flip,3.0,1000,0.004047917527908317
func2C,1028,flip,3.0,50,-0.1796546741750012
func2C,1028,flip,10.0,1000,0.05443541137391479
func2C,1028,flip,10.0,50,-0.16273319666946082
func2C,1028,flip,30.0,1000,0.022657796462954405
func2C,1028,flip,30.0,50,0.006272298839961443
func2C,1028,flip,100.0,1000,-0.13673393402301381
func2C,1028,flip,100.0,50,-0.1394768100418004
func2C,1029,keep,0.0,1000,-0.20632566569898447
func2C,1029,keep,0.0,50,-0.2063121900099861
func2C,1029,keep,1.0,1000,-0.2059543976763424
func2C,1029,keep,1.0,50,-0.1234656638247863
func2C,1029,keep,3.0,1000,-0.07900518999490887
func2C,1029,keep,3.0,50,0.02096123448952515
func2C,1029,keep,10.0,1000,-0.09613761797989866
func2C,1029,keep,10.0,50,-0.0025892502883382074
func2C,1029,keep,30.0,1000,-0.18078975888244303
func2C,1029,keep,30.0,50,-0.1931751094852433
func2C,1029,keep,100.0,1000,-0.14075150551007382
func2C,1029,keep,100.0,50,0.0007814255948174961
func2C,1029,flip,0.0,1000,-0.20351662888532213
func2C,1029,flip,0.0,50,-0.19809701791503392
func2C,1029,flip,1.0,1000,-0.05460283382575211
func2C,1029,flip,1.0,50,-0.18629832396718285
func2C,1029,flip,3.0,1000,-0.005919259518855202
func2C,1029,flip,3.0,50,-0.18005053002058827
func2C,1029,flip,10.0,1000,0.009079254738407986
func2C,1029,flip,10.0,50,0.09647400097665614
func2C,1029,flip,30.0,1000,-0.09371236538813713
func2C,1029,flip,30.0,50,-0.19671777300340423
func2C,1029,flip,100.0,1000,0.004735831139628684
func2C,1029,flip,100.0,50,0.022553311208636694
func2C,1030,keep,0.0,1000,-0.20632539461519853
func2C,1030,keep,0.0,50,-0.2063235225078773
func2C,1030,keep,1.0,1000,-0.20606856462612783
func2C,1030,keep,1.0,50,-0.19692444675231022
func2C,1030,keep,3.0,1000,-0.20627024152695705
func2C,1030,keep,3.0,50,0.0016779321732946842
func2C,1030,keep,10.0,1000,-0.18855068772442954
func2C,1030,keep,10.0,50,-0.17881458190655652
func2C,1030,keep,30.0,1000,0.016206586206990115
func2C,1030,keep,30.0,50,-0.0964265576682364
func2C,1030,keep,100.0,1000,-0.19659187449603596
func2C,1030,keep,100.0,50,0.0017288026506850102
func2C,1030,flip,0.0,1000,-0.2062742424733727
func2C,1030,flip,0.0,50,-0.16876400272254735
func2C,1030,flip,1.0,1000,-0.14773984932311685
func2C,1030,flip,1.0,50,-0.0778193688706947
func2C,1030,flip,3.0,1000,0.034830968713121885
func2C,1030,flip,3.0,50,-0.062158991840768965
func2C,1030,flip,10.0,1000,-0.12433812164226035
func2C,1030,flip,10.0,50,0.006229479036049049
func2C,1030,flip,30.0,1000,-0.03823162838202576
func2C,1030,flip,30.0,50,-0.010564093887221335
func2C,1030,flip,100.0,1000,-0.022176520350424035
func2C,1030,flip,100.0,50,-0.14743150770112337
func2C,1031,keep,0.0,1000,-0.20632523324077856
func2C,1031,keep,0.0,50,-0.2063101732527155
func2C,1031,keep,1.0,1000,-0.20472157583633216
func2C,1031,keep,1.0,50,-0.10176689585768912
func2C,1031,keep,3.0,1000,-0.1987544765983805
func2C,1031,keep,3.0,50,-0.19718013314906566
func2C,1031,keep,10.0,1000,-0.18404663765503437
func2C,1031,keep,10.0,50,-0.205570606338615
func2C,1031,keep,30.0,1000,-0.002872873965864531
func2C,1031,keep,30.0,50,-0.16959387198097592
func2C,1031,keep,100.0,1000,0.00016146619495018832
func2C,1031,keep,100.0,50,-0.20553064296901002
func2C,1031,flip,0.0,1000,-0.20402250716625098
func2C,1031,flip,0.0,50,-0.20508611971171065
func2C,1031,flip,1.0,1000,-0.20416103443059197
func2C,1031,flip,1.0,50,-0.05546834351455136
func2C,1031,flip,3.0,1000,-0.05328601396970507
func2C,1031,flip,3.0,50,-0.1826332078084312
func2C,1031,flip,10.0,1000,-0.1715637416070654
func2C,1031,flip,10.0,50,-0.13676343088530904
func2C,1031,flip,30.0,1000,0.02992182785402342
func2C,1031,flip,30.0,50,0.04362547265241501
func2C,1031,flip,100.0,1000,0.004223583000380707
func2C,1031,flip,100.0,50,0.020478190610929037
func2C,1032,keep,0.0,1000,-0.20632515104148355
func2C,1032,keep,0.0,50,-0.20630976440037924
func2C,1032,keep,1.0,1000,-0.20246473699095513
func2C,1032,keep,1.0,50,-0.20627739246292323
func2C,1032,keep,3.0,1000,0.02094651104925127
func2C,1032,keep,3.0,50,-0.16951746534627005
func2C,1032,keep,10.0,1000,-0.12841026371880604
func2C,1032,keep,10.0,50,-0.08206503640279475
func2C,1032,keep,30.0,1000,-0.008032273957316765
func2C,1032,keep,30.0,50,-0.13491524520183712
func2C,1032,keep,100.0,1000,-0.17599747974768065
func2C,1032,keep,100.0,50,-0.14342970787699472
func2C,1032,flip,0.0,1000,-0.20626413874616573
func2C,1032,flip,0.0,50,-0.1947037247450541
func2C,1032,flip,1.0,1000,-0.11734445667474007
func2C,1032,flip,1.0,50,-0.01578122506113553
func2C,1032,flip,3.0,1000,0.00412013381065659
func2C,1032,flip,3.0,50,-0.14523102612132155
func2C,1032,flip,10.0,1000,0.021115618104864908
func2C,1032,flip,10.0,50,-0.06793874812974482
func2C,1032,flip,30.0,1000,-0.1614623175812231
func2C,1032,flip,30.0,50,-0.1253766051248788
func2C,1032,flip,100.0,1000,0.019956267539002058
func2C,1032,flip,100.0,50,0.02797402561608947
func2C,1033,keep,0.0,1000,-0.2063256094825024
func2C,1033,keep,0.0,50,-0.20630165953250276
func2C,1033,keep,1.0,1000,-0.19866230826102385
func2C,1033,keep,1.0,50,-0.1673877894769539
func2C,1033,keep,3.0,1000,-0.041917272830309035
func2C,1033,keep,3.0,50,-0.17601180798959865
func2C,1033,keep,10.0,1000,0.0012169341420155057
func2C,1033,keep,10.0,50,-0.05131542481102662
func2C,1033,keep,30.0,1000,-0.15431137993932864
func2C,1033,keep,30.0,50,-0.17335013262116156
func2C,1033,keep,100.0,1000,0.01120496354951564
func2C,1033,keep,100.0,50,0.025368275559426435
func2C,1033,flip,0.0,1000,-0.2061618198807243
func2C,1033,flip,0.0,50,-0.2032142932680155
func2C,1033,flip,1.0,1000,-0.19424645866646464
func2C,1033,flip,1.0,50,-0.12956023343236686
func2C,1033,flip,3.0,1000,-0.07536928872791555
func2C,1033,flip,3.0,50,-0.04755322289183152
func2C,1033,flip,10.0,1000,-0.11478526955897465
func2C,1033,flip,10.0,50,0.022824496093664073
func2C,1033,flip,30.0,1000,0.0068099023459177
func2C,1033,flip,30.0,50,0.05159097602495359
func2C,1033,flip,100.0,1000,-0.10616204296519431
func2C,1033,flip,100.0,50,0.009058111596112094
func2C,1034,keep,0.0,1000,-0.2063255174547435
func2C,1034,keep,0.0,50,-0.2063219234223344
func2C,1034,keep,1.0,1000,-0.20632101923213825
func2C,1034,keep,1.0,50,0.013706020850965357
func2C,1034,keep,3.0,1000,-0.17656540012349467
func2C,1034,keep,3.0,50,-0.20203255687055224
func2C,1034,keep,10.0,1000,0.0006391024416518663
func2C,1034,keep,10.0,50,0.012054774808453295
func2C,1034,keep,30.0,1000,0.02105967080097777
func2C,1034,keep,30.0,50,0.0071857648705755
func2C,1034,keep,100.0,1000,0.0011539753025847448
func2C,1034,keep,100.0,50,0.05144380128073771
func2C,1034,flip,0.0,1000,-0.20501086851397837
func2C,1034,flip,0.0,50,-0.16508052699714504
func2C,1034,flip,1.0,1000,-0.1298261428668277
func2C,1034,flip,1.0,50,-0.02865617831398366
func2C,1034,flip,3.0,1000,-0.081343410734842
func2C,1034,flip,3.0,50,-0.1257514050516083
func2C,1034,flip,10.0,1000,0.0015056977071761408
func2C,1034,flip,10.0,50,0.003039404845949903
func2C,1034,flip,30.0,1000,0.020944718640449996
func2C,1034,flip,30.0,50,-0.04394015403507061
func2C,1034,flip,100.0,1000,0.0054300868768992405
func2C,1034,flip,100.0,50,-0.05301063660355891
func2C,1035,keep,0.0,1000,-0.2063255552544984
func2C,1035,keep,0.0,50,-0.2063204041383186
func2C,1035,keep,1.0,1000,-0.1298018866626343
func2C,1035,keep,1.0,50,-0.206319705713197
func2C,1035,keep,3.0,1000,-0.11811556629651991
func2C,1035,keep,3.0,50,0.02111215914715996
func2C,1035,keep,10.0,1000,0.02118393342918923
func2C,1035,keep,10.0,50,0.0026723625128536447
func2C,1035,keep,30.0,1000,-0.011544281498464523
func2C,1035,keep,30.0,50,0.0005689029509104361
func2C,1035,keep,100.0,1000,-0.11247801301398588
func2C,1035,keep,100.0,50,0.02202077117190177
func2C,1035,flip,0.0,1000,-0.20608852289364926
func2C,1035,flip,0.0,50,-0.18355559995120593
func2C,1035,flip,1.0,1000,-0.16254549087450912
func2C,1035,flip,1.0,50,-0.1320685186857429
func2C,1035,flip,3.0,1000,-0.1339257001880812
func2C,1035,flip,3.0,50,-0.10511876347600461
func2C,1035,flip,10.0,1000,0.0006747177948976723
func2C,1035,flip,10.0,50,-0.17164563171295782
func2C,1035,flip,30.0,1000,-0.16936061309205228
func2C,1035,flip,30.0,50,-0.17662001768976496
func2C,1035,flip,100.0,1000,-0.11206242702506453
func2C,1035,flip,100.0,50,-0.06226599390721284
func2C,1036,keep,0.0,1000,-0.20632559759985797
func2C,1036,keep,0.0,50,-0.20631917569645036
func2C,1036,keep,1.0,1000,-0.042162768477952285
func2C,1036,keep,1.0,50,0.000472275044712034
func2C,1036,keep,3.0,1000,-0.19505533277759668
func2C,1036,keep,3.0,50,-0.07745192236892832
func2C,1036,keep,10.0,1000,-0.12277278761931673
func2C,1036,keep,10.0,50,0.020935520347217053
func2C,1036,keep,30.0,1000,0.015395513395908996
func2C,1036,keep,30.0,50,-0.19768935325286607
func2C,1036,keep,100.0,1000,0.02106106530530776
func2C,1036,keep,100.0,50,0.02257607679819037
func2C,1036,flip,0.0,1000,-0.2062442756584577
func2C,1036,flip,0.0,50,-0.19537007022297342
func2C,1036,flip,1.0,1000,-0.1428049912527308
func2C,1036,flip,1.0,50,-0.20371135694067882
func2C,1036,flip,3.0,1000,0.024069481119538723
func2C,1036,flip,3.0,50,-0.06462733674769197
func2C,1036,flip,10.0,1000,0.024069481119538723
func2C,1036,flip,10.0,50,-0.09448827042151528
func2C,1036,flip,30.0,1000,0.022500635828688952
func2C,1036,flip,30.0,50,0.024069481119538723
func2C,1036,flip,100.0,1000,0.024069481119538723
func2C,1036,flip,100.0,50,-0.03469583751197654
func2C,1037,keep,0.0,1000,-0.20632549116255988
func2C,1037,keep,0.0,50,-0.20631911382016815
func2C,1037,keep,1.0,1000,-0.20443304005186916
func2C,1037,keep,1.0,50,-0.197909723678184
func2C,1037,keep,3.0,1000,-0.20602519005612652
func2C,1037,keep,3.0,50,-0.14792637725406282
func2C,1037,keep,10.0,1000,-0.15325886319026322
func2C,1037,keep,10.0,50,0.001788801023338532
func2C,1037,keep,30.0,1000,-0.14633810777190934
func2C,1037,keep,30.0,50,-0.1683382056081776
func2C,1037,keep,100.0,1000,0.005980706161837168
func2C,1037,keep,100.0,50,-0.18130703043551077
func2C,1037,flip,0.0,1000,-0.2060663400476092
func2C,1037,flip,0.0,50,-0.20591074314169244
func2C,1037,flip,1.0,1000,-0.1112665025873002
func2C,1037,flip,1.0,50,-0.092782433842557
func2C,1037,flip,3.0,1000,-0.000792485959337369
func2C,1037,flip,3.0,50,0.027830772252190647
func2C,1037,flip,10.0,1000,-0.10199385197136639
func2C,1037,flip,10.0,50,0.025474069917332032
func2C,1037,flip,30.0,1000,-0.0286139298234664
func2C,1037,flip,30.0,50,-0.008458937248510379
func2C,1037,flip,100.0,1000,0.02620397575913382
func2C,1037,flip,100.0,50,0.020936584400636286
func2C,1038,keep,0.0,1000,-0.20632555529270316
func2C,1038,keep,0.0,50,-0.20631650916324262
func2C,1038,keep,1.0,1000,-0.2062661144792685
func2C,1038,keep,1.0,50,-0.20247555691939825
func2C,1038,keep,3.0,1000,-0.19853615452047302
func2C,1038,keep,3.0,50,0.02098346500199897
func2C,1038,keep,10.0,1000,-0.07855986532982502
func2C,1038,keep,10.0,50,0.0030101299379081403
func2C,1038,keep,30.0,1000,-0.16721409883876043
func2C,1038,keep,30.0,50,-0.2059927870618695
func2C,1038,keep,100.0,1000,-0.029404065576589276
func2C,1038,keep,100.0,50,0.06590068965467784
func2C,1038,flip,0.0,1000,-0.20581116551813014
func2C,1038,flip,0.0,50,-0.2054857965387702
func2C,1038,flip,1.0,1000,-0.1333683569410496
func2C,1038,flip,1.0,50,-0.05617119807837954
func2C,1038,flip,3.0,1000,-0.19094286728020715
func2C,1038,flip,3.0,50,-0.01584382806139196
func2C,1038,flip,10.0,1000,0.001315922401805801
func2C,1038,flip,10.0,50,-0.0541945791280362
func2C,1038,flip,30.0,1000,0.004288199720630793
func2C,1038,flip,30.0,50,-0.0642854506747633
func2C,1038,flip,100.0,1000,-0.04249759066952734
func2C,1038,flip,100.0,50,0.004299523818548447
func2C,1039,keep,0.0,1000,-0.20632552153974357
func2C,1039,keep,0.0,50,-0.20631953324109725
func2C,1039,keep,1.0,1000,-0.08608825218188296
func2C,1039,keep,1.0,50,0.02303913743781021
func2C,1039,keep,3.0,1000,-0.13335549069895875
func2C,1039,keep,3.0,50,-0.19716620776690644
func2C,1039,keep,10.0,1000,0.03043901330071404
func2C,1039,keep,10.0,50,0.0329372416617574
func2C,1039,keep,30.0,1000,-0.19754781340331548
func2C,1039,keep,30.0,50,-0.05580682007877667
func2C,1039,keep,100.0,1000,0.03528510216462668
func2C,1039,keep,100.0,50,-0.03717538538702605
func2C,1039,flip,0.0,1000,-0.20482578175641603
func2C,1039,flip,0.0,50,-0.19191124291052442
func2C,1039,flip,1.0,1000,-0.04010778633987529
func2C,1039,flip,1.0,50,-0.05622278403426573
func2C,1039,flip,3.0,1000,-0.17212971421873177
func2C,1039,flip,3.0,50,-0.09661274495385375
func2C,1039,flip,10.0,1000,0.0001604490892923513
func2C,1039,flip,10.0,50,-0.0828894866820987
func2C,1039,flip,30.0,1000,0.02748891490069224
func2C,1039,flip,30.0,50,-0.03746526530170378
func2C,1039,flip,100.0,1000,-0.04450998211446622
func2C,1039,flip,100.0,50,-0.14123740899303083
func2C,1040,keep,0.0,1000,-0.20632550681175435
func2C,1040,keep,0.0,50,-0.20632037917636054
func2C,1040,keep,1.0,1000,-0.20338499251519893
func2C,1040,keep,1.0,50,-0.12332428429071207
func2C,1040,keep,3.0,1000,-0.2028018832527935
func2C,1040,keep,3.0,50,-0.060585556239837135
func2C,1040,keep,10.0,1000,-0.016331195099512863
func2C,1040,keep,10.0,50,0.020950410629875925
func2C,1040,keep,30.0,1000,-0.17120191110978228
func2C,1040,keep,30.0,50,0.025732751021566132
func2C,1040,keep,100.0,1000,-0.026464464268649547
func2C,1040,keep,100.0,50,-0.03606123098057572
func2C,1040,flip,0.0,1000,-0.2041023766409391
func2C,1040,flip,0.0,50,-0.1841269449093043
func2C,1040,flip,1.0,1000,-0.17035013467313534
func2C,1040,flip,1.0,50,0.003095056673858653
func2C,1040,flip,3.0,1000,-0.05121644480447675
func2C,1040,flip,3.0,50,-0.0615583398911721
func2C,1040,flip,10.0,1000,0.02636224705625743
func2C,1040,flip,10.0,50,0.02093421881960926
func2C,1040,flip,30.0,1000,0.04617997697268551
func2C,1040,flip,30.0,50,-0.03927735850733005
func2C,1040,flip,100.0,1000,-0.19387042584978303
func2C,1040,flip,100.0,50,0.04862097575940054
func2C,1041,keep,0.0,1000,-0.20632554245605533
func2C,1041,keep,0.0,50,-0.20632481853653087
func2C,1041,keep,1.0,1000,-0.20624469442271692
func2C,1041,keep,1.0,50,-0.19014911872037082
func2C,1041,keep,3.0,1000,-0.00012962328175458726
func2C,1041,keep,3.0,50,-0.1550625577366516
func2C,1041,keep,10.0,1000,0.001916402021258659
func2C,1041,keep,10.0,50,-0.1736257526658363
func2C,1041,keep,30.0,1000,-0.20486501193328394
func2C,1041,keep,30.0,50,-0.0001558897062724377
func2C,1041,keep,100.0,1000,0.015353870306374598
func2C,1041,keep,100.0,50,0.015353870306374598
func2C,1041,flip,0.0,1000,-0.20335348513822726
func2C,1041,flip,0.0,50,-0.20014234208390516
func2C,1041,flip,1.0,1000,-0.20449717594582967
func2C,1041,flip,1.0,50,-0.02513061608003724
func2C,1041,flip,3.0,1000,-0.05863579092916704
func2C,1041,flip,3.0,50,-0.03150000047318628
func2C,1041,flip,10.0,1000,-0.1014868195820321
func2C,1041,flip,10.0,50,-0.16685426566804218
func2C,1041,flip,30.0,1000,0.005199364865450979
func2C,1041,flip,30.0,50,0.0026199112746706325
func2C,1041,flip,100.0,1000,-0.11596286667303941
func2C,1041,flip,100.0,50,-0.030558494087368826
func2C,1042,keep,0.0,1000,-0.20632533865974673
func2C,1042,keep,0.0,50,-0.20631724157482098
func2C,1042,keep,1.0,1000,-0.20606892962693846
func2C,1042,keep,1.0,50,-0.20186072592749388
func2C,1042,keep,3.0,1000,-0.20553859416540554
func2C,1042,keep,3.0,50,0.05083485993643431
func2C,1042,keep,10.0,1000,0.0007135832309600534
func2C,1042,keep,10.0,50,-0.10419186012953818
func2C,1042,keep,30.0,1000,0.04822185657590728
func2C,1042,keep,30.0,50,-0.14893521487986014
func2C,1042,keep,100.0,1000,0.0011024617070871812
func2C,1042,keep,100.0,50,-0.04281786322410641
func2C,1042,flip,0.0,1000,-0.2060555246990267
func2C,1042,flip,0.0,50,-0.17995739907684097
func2C,1042,flip,1.0,1000,-0.09161528396148969
func2C,1042,flip,1.0,50,-0.10116702286837569
func2C,1042,flip,3.0,1000,0.01183475578889304
func2C,1042,flip,3.0,50,-0.1265960420561447
func2C,1042,flip,10.0,1000,-0.15635917972933328
func2C,1042,flip,10.0,50,0.0003692795529174786
func2C,1042,flip,30.0,1000,-0.11313315819672806
func2C,1042,flip,30.0,50,0.031568297955360605
func2C,1042,flip,100.0,1000,-0.180792478454367
func2C,1042,flip,100.0,50,-0.11061320971116351
func2C,1043,keep,0.0,1000,-0.2063255242667036
func2C,1043,keep,0.0,50,-0.2063209185911735
func2C,1043,keep,1.0,1000,-0.20624988489797288
func2C,1043,keep,1.0,50,-0.20589490759551482
func2C,1043,keep,3.0,1000,-0.18101673248223532
func2C,1043,keep,3.0,50,-0.20492507149738345
func2C,1043,keep,10.0,1000,0.0004209488662739805
func2C,1043,keep,10.0,50,0.02855723636872646
func2C,1043,keep,30.0,1000,-0.1828472058817608
func2C,1043,keep,30.0,50,-0.19121869721743323
func2C,1043,keep,100.0,1000,-0.048907554311765765
func2C,1043,keep,100.0,50,0.022988661789875842
func2C,1043,flip,0.0,1000,-0.2059527288480621
func2C,1043,flip,0.0,50,-0.197790166203916
func2C,1043,flip,1.0,1000,-0.039668240698616276
func2C,1043,flip,1.0,50,-0.006686672331013155
func2C,1043,flip,3.0,1000,-0.12222695512104505
func2C,1043,flip,3.0,50,-0.10256732019890835
func2C,1043,flip,10.0,1000,0.014064218612358381
func2C,1043,flip,10.0,50,0.0003411636810633516
func2C,1043,flip,30.0,1000,-0.03164940751656187
func2C,1043,flip,30.0,50,-0.01949046326465085
func2C,1043,flip,100.0,1000,0.002536067631660444
func2C,1043,flip,100.0,50,-0.15503901315931773
func2C,1044,keep,0.0,1000,-0.20632557436674137
func2C,1044,keep,0.0,50,-0.20632227160617736
func2C,1044,keep,1.0,1000,-0.17146074386639806
func2C,1044,keep,1.0,50,-0.1915689858992326
func2C,1044,keep,3.0,1000,-0.09552456402173305
func2C,1044,keep,3.0,50,-0.17127758916330552
func2C,1044,keep,10.0,1000,0.002431371601183188
func2C,1044,keep,10.0,50,0.04714961520199896
func2C,1044,keep,30.0,1000,-0.10558476430404191
func2C,1044,keep,30.0,50,0.016890878744333843
func2C,1044,keep,100.0,1000,0.006897565672385031
func2C,1044,keep,100.0,50,0.022901723320193072
func2C,1044,flip,0.0,1000,-0.2060667846426829
func2C,1044,flip,0.0,50,-0.19476794708293138
func2C,1044,flip,1.0,1000,-0.049209297159423876
func2C,1044,flip,1.0,50,-0.023481846876639557
func2C,1044,flip,3.0,1000,0.00869518241867167
func2C,1044,flip,3.0,50,-0.1558466605431436
func2C,1044,flip,10.0,1000,-0.10830971692873977
func2C,1044,flip,10.0,50,0.02463337514334079
func2C,1044,flip,30.0,1000,-0.027672986379174168
func2C,1044,flip,30.0,50,-0.08799188334836149
func2C,1044,flip,100.0,1000,0.11841464134576624
func2C,1044,flip,100.0,50,0.015276452685193766
func2C,1045,keep,0.0,1000,-0.20632564754693758
func2C,1045,keep,0.0,50,-0.20631898743894905
func2C,1045,keep,1.0,1000,-0.20363613610276826
func2C,1045,keep,1.0,50,-0.1965360093248072
func2C,1045,keep,3.0,1000,-0.08322149860483663
func2C,1045,keep,3.0,50,-0.13674690540116935
func2C,1045,keep,10.0,1000,0.005049075131644898
func2C,1045,keep,10.0,50,-0.017006036279085125
func2C,1045,keep,30.0,1000,0.021100387369364676
func2C,1045,keep,30.0,50,-0.053160397885867794
func2C,1045,keep,100.0,1000,-0.11581816454620919
func2C,1045,keep,100.0,50,0.0008298204709039213
func2C,1045,flip,0.0,1000,-0.20578785112593484
func2C,1045,flip,0.0,50,-0.19870459558171044
func2C,1045,flip,1.0,1000,-0.18249542505254665
func2C,1045,flip,1.0,50,-0.17395917785163445
func2C,1045,flip,3.0,1000,-0.20605003668360392
func2C,1045,flip,3.0,50,-0.04137647664889303
func2C,1045,flip,10.0,1000,-0.015369304937395129
func2C,1045,flip,10.0,50,0.0014729333586206044
func2C,1045,flip,30.0,1000,-0.020707529262066763
func2C,1045,flip,30.0,50,0.002770632235385752
func2C,1045,flip,100.0,1000,0.047377141484774926
func2C,1045,flip,100.0,50,0.0210579438781021
func2C,1046,keep,0.0,1000,-0.20632531296954718
func2C,1046,keep,0.0,50,-0.20632500371375345
func2C,1046,keep,1.0,1000,-8.362457189260014e-05
func2C,1046,keep,1.0,50,-0.20293769812083587
func2C,1046,keep,3.0,1000,0.005639931206386778
func2C,1046,keep,3.0,50,-0.20616069516367036
func2C,1046,keep,10.0,1000,-0.1929048644241298
func2C,1046,keep,10.0,50,-0.17699101828154906
func2C,1046,keep,30.0,1000,0.02132614193325117
func2C,1046,keep,30.0,50,-0.02870164402635972
func2C,1046,keep,100.0,1000,-0.1542865544898763
func2C,1046,keep,100.0,50,0.021066544351645577
func2C,1046,flip,0.0,1000,-0.19987449937683954
func2C,1046,flip,0.0,50,-0.15601582143965578
func2C,1046,flip,1.0,1000,-0.04777315811180859
func2C,1046,flip,1.0,50,-0.18127685575879351
func2C,1046,flip,3.0,1000,-0.15171467860897117
func2C,1046,flip,3.0,50,0.02068275863304256
func2C,1046,flip,10.0,1000,-0.1928515229319588
func2C,1046,flip,10.0,50,-0.05717907772641383
func2C,1046,flip,30.0,1000,-0.19068082732651256
func2C,1046,flip,30.0,50,-0.00785667604430797
func2C,1046,flip,100.0,1000,0.07313701098863185
func2C,1046,flip,100.0,50,-0.14490833506441764
func2C,1047,keep,0.0,1000,-0.20632475696809544
func2C,1047,keep,0.0,50,-0.20631323690962802
func2C,1047,keep,1.0,1000,-0.20606502307120333
func2C,1047,keep,1.0,50,-0.20235817884349178
func2C,1047,keep,3.0,1000,-0.17606037707601693
func2C,1047,keep,3.0,50,0.0328419553011874
func2C,1047,keep,10.0,1000,0.036349946887956466
func2C,1047,keep,10.0,50,-0.19154025057941204
func2C,1047,keep,30.0,1000,-0.18807799626423977
func2C,1047,keep,30.0,50,-0.18655211802867638
func2C,1047,keep,100.0,1000,-0.15927758888968407
func2C,1047,keep,100.0,50,-0.19273370365392276
func2C,1047,flip,0.0,1000,-0.20530242726779874
func2C,1047,flip,0.0,50,-0.16334929363985426
func2C,1047,flip,1.0,1000,-0.02748892427574779
func2C,1047,flip,1.0,50,-0.14784125078452112
func2C,1047,flip,3.0,1000,-0.20387524087396658
func2C,1047,flip,3.0,50,0.005472756546974688
func2C,1047,flip,10.0,1000,-0.06808778914115093
func2C,1047,flip,10.0,50,0.03100609788074258
func2C,1047,flip,30.0,1000,0.008056045190997512
func2C,1047,flip,30.0,50,0.029801725809441692
func2C,1047,flip,100.0,1000,-0.14616530078431328
func2C,1047,flip,100.0,50,-0.05241904370508991
func2C,1048,keep,0.0,1000,-0.20632562702263657
func2C,1048,keep,0.0,50,-0.20632199046879046
func2C,1048,keep,1.0,1000,-0.2059913807926869
func2C,1048,keep,1.0,50,-0.19697890557681713
func2C,1048,keep,3.0,1000,-0.2019862523186507
func2C,1048,keep,3.0,50,0.020970762323066574
func2C,1048,keep,10.0,1000,0.013422463162020178
func2C,1048,keep,10.0,50,-0.2031354430288573
func2C,1048,keep,30.0,1000,0.020957923397405806
func2C,1048,keep,30.0,50,-0.14033407231048203
func2C,1048,keep,100.0,1000,0.03753907523061889
func2C,1048,keep,100.0,50,0.03108814076708077
func2C,1048,flip,0.0,1000,-0.20448227112389689
func2C,1048,flip,0.0,50,-0.15132007289767918
func2C,1048,flip,1.0,1000,-0.10064212329994353
func2C,1048,flip,1.0,50,-0.037669165632919
func2C,1048,flip,3.0,1000,0.020889029195893784
func2C,1048,flip,3.0,50,-0.19519505293304043
func2C,1048,flip,10.0,1000,-0.013637951607274611
func2C,1048,flip,10.0,50,-0.16839081599549338
func2C,1048,flip,30.0,1000,0.016989322937639106
func2C,1048,flip,30.0,50,0.07267736302737587
func2C,1048,flip,100.0,1000,0.12435088409729801
func2C,1048,flip,100.0,50,0.015379413443369138
func2C,1049,keep,0.0,1000,-0.2063239313805787
func2C,1049,keep,0.0,50,-0.20630402090751473
func2C,1049,keep,1.0,1000,-0.20542176899909412
func2C,1049,keep,1.0,50,-0.2056213993458078
func2C,1049,keep,3.0,1000,-0.18810635737290987
func2C,1049,keep,3.0,50,-0.19430402044724102
func2C,1049,keep,10.0,1000,-0.027544932281315992
func2C,1049,keep,10.0,50,0.020939163731087986
func2C,1049,keep,30.0,1000,-0.011718009234398806
func2C,1049,keep,30.0,50,0.08158312590327987
func2C,1049,keep,100.0,1000,0.04936979175922433
func2C,1049,keep,100.0,50,0.021137878759289033
func2C,1049,flip,0.0,1000,-0.20421661733719926
func2C,1049,flip,0.0,50,-0.1882819153226064
func2C,1049,flip,1.0,1000,-0.14226736834195233
func2C,1049,flip,1.0,50,-0.1967247035671693
func2C,1049,flip,3.0,1000,-0.06857381691682297
func2C,1049,flip,3.0,50,-0.040346050974637726
func2C,1049,flip,10.0,1000,-0.010678207128627399
func2C,1049,flip,10.0,50,0.022281868260351854
func2C,1049,flip,30.0,1000,0.06615321493394041
func2C,1049,flip,30.0,50,-0.16748283907611666
func2C,1049,flip,100.0,1000,-0.2017972603555466
func2C,1049,flip,100.0,50,-0.02923672909404631
func2C,1050,keep,0.0,1000,-0.20632543645815654
func2C,1050,keep,0.0,50,-0.2063220248598558
func2C,1050,keep,1.0,1000,-0.13863163760139177
func2C,1050,keep,1.0,50,-0.20532788262584817
func2C,1050,keep,3.0,1000,-0.2025660989444597
func2C,1050,keep,3.0,50,4.1164578017823933e-05
func2C,1050,keep,10.0,1000,-0.20147692811314077
func2C,1050,keep,10.0,50,-0.07183362390688046
func2C,1050,keep,30.0,1000,0.07377160234323327
func2C,1050,keep,30.0,50,0.0005956963399620513
func2C,1050,keep,100.0,1000,0.0011366924512212426
func2C,1050,keep,100.0,50,-0.021605657994266836
func2C,1050,flip,0.0,1000,-0.2058766614125426
func2C,1050,flip,0.0,50,-0.1783051743825757
func2C,1050,flip,1.0,1000,-0.08916779645855633
func2C,1050,flip,1.0,50,-0.15103012907033414
func2C,1050,flip,3.0,1000,-0.14494083698602434
func2C,1050,flip,3.0,50,0.00617182656268298
func2C,1050,flip,10.0,1000,-0.18347202527346523
func2C,1050,flip,10.0,50,-0.16788374422450206
func2C,1050,flip,30.0,1000,-0.06870144763573677
func2C,1050,flip,30.0,50,-0.0970306391662088
func2C,1050,flip,100.0,1000,0.01515139918024094
func2C,1050,flip,100.0,50,-0.17366587328009014
func3C,1026,keep,0.0,1000,-0.7221387483708648
func3C,1026,keep,0.0,50,-0.7221279089113612
func3C,1026,keep,1.0,1000,-0.7221220690454925
func3C,1026,keep,1.0,50,-0.7218033724046623
func3C,1026,keep,3.0,1000,-0.7184444862945685
func3C,1026,keep,3.0,50,-0.7168814483845742
func3C,1026,keep,10.0,1000,-0.6547163459891692
func3C,1026,keep,10.0,50,-0.24445161492545162
func3C,1026,keep,30.0,1000,0.0296847288383128
func3C,1026,keep,30.0,50,-0.5526040308529234
func3C,1026,keep,100.0,1000,-0.49413034662646277
func3C,1026,keep,100.0,50,-0.6510425899291774
func3C,1026,flip,0.0,1000,-0.7199537439445967
func3C,1026,flip,0.0,50,-0.6901824216829852
func3C,1026,flip,1.0,1000,-0.6106066177756897
func3C,1026,flip,1.0,50,-0.5012826495739893
func3C,1026,flip,3.0,1000,-0.688687346315168
func3C,1026,flip,3.0,50,-0.44392095441491763
func3C,1026,flip,10.0,1000,0.012841184174982319
func3C,1026,flip,10.0,50,-0.41956148397133375
func3C,1026,flip,30.0,1000,-0.29419789574958666
func3C,1026,flip,30.0,50,-0.3908863820656392
func3C,1026,flip,100.0,1000,0.035321012089344406
func3C,1026,flip,100.0,50,-0.5544468978471755
func3C,1027,keep,0.0,1000,-0.7221373482031773
func3C,1027,keep,0.0,50,-0.722126210461743
func3C,1027,keep,1.0,1000,-0.7204996979797164
func3C,1027,keep,1.0,50,-0.7213765067953496
func3C,1027,keep,3.0,1000,-0.37157457878414707
func3C,1027,keep,3.0,50,-0.6848637636497139
func3C,1027,keep,10.0,1000,-0.6887209177340605
func3C,1027,keep,10.0,50,-0.5737601807470294
func3C,1027,keep,30.0,1000,-0.6066946562600533
func3C,1027,keep,30.0,50,-0.17773081503807084
func3C,1027,keep,100.0,1000,0.03709764397001261
func3C,1027,keep,100.0,50,-0.29500076506117634
func3C,1027,flip,0.0,1000,-0.6816069989180853
func3C,1027,flip,0.0,50,-0.5358866523347409
func3C,1027,flip,1.0,1000,-0.6622979394444364
func3C,1027,flip,1.0,50,-0.6450407952218598
func3C,1027,flip,3.0,1000,-0.4437918084850898
func3C,1027,flip,3.0,50,-0.2988003661023414
func3C,1027,flip,10.0,1000,-0.19123286621791877
func3C,1027,flip,10.0,50,-0.43961775931474195
func3C,1027,flip,30.0,1000,-0.3635740346824061
func3C,1027,flip,30.0,50,0.03709764397001261
func3C,1027,flip,100.0,1000,-0.22055713448732464
func3C,1027,flip,100.0,50,-0.04592152114880625
func3C,1028,keep,0.0,1000,-0.7221376869108302
func3C,1028,keep,0.0,50,-0.7221222874983537
func3C,1028,keep,1.0,1000,-0.7219946703706024
func3C,1028,keep,1.0,50,-0.6880778462784702
func3C,1028,keep,3.0,1000,-0.6614406690810506
func3C,1028,keep,3.0,50,-0.6618141629119505
func3C,1028,keep,10.0,1000,-0.6731414588678811
func3C,1028,keep,10.0,50,-0.31930913683943885
func3C,1028,keep,30.0,1000,-0.15325274434246935
func3C,1028,keep,30.0,50,-0.07148525463472682
func3C,1028,keep,100.0,1000,-0.6644280798318614
func3C,1028,keep,100.0,50,-0.6382151825121232
func3C,1028,flip,0.0,1000,-0.7170458160174763
func3C,1028,flip,0.0,50,-0.5963708570091583
func3C,1028,flip,1.0,1000,-0.43562985433634255
func3C,1028,flip,1.0,50,-0.5304042868948065
func3C,1028,flip,3.0,1000,-0.44324270756939566
func3C,1028,flip,3.0,50,-0.43935948682235726
func3C,1028,flip,10.0,1000,-0.056640238029853796
func3C,1028,flip,10.0,50,-0.30296801435316906
func3C,1028,flip,30.0,1000,-0.4310570464304978
func3C,1028,flip,30.0,50,-0.2382409459138291
func3C,1028,flip,100.0,1000,-0.2143516270135438
func3C,1028,flip,100.0,50,-0.11798277384980779
func3C,1029,keep,0.0,1000,-0.7221385011844716
func3C,1029,keep,0.0,50,-0.7221359815098531
func3C,1029,keep,1.0,1000,-0.7217970430796405
func3C,1029,keep,1.0,50,-0.721788232448439
func3C,1029,keep,3.0,1000,-0.7188978308369455
func3C,1029,keep,3.0,50,-0.2098088345331937
func3C,1029,keep,10.0,1000,-0.3643087627551082
func3C,1029,keep,10.0,50,-0.15869672364634912
func3C,1029,keep,30.0,1000,0.0018715020771712114
func3C,1029,keep,30.0,50,-0.35859342589911836
func3C,1029,keep,100.0,1000,0.052748914893772404
func3C,1029,keep,100.0,50,0.011565991363702448
func3C,1029,flip,0.0,1000,-0.7156085129068734
func3C,1029,flip,0.0,50,-0.5807343158899617
func3C,1029,flip,1.0,1000,-0.5198885565582929
func3C,1029,flip,1.0,50,-0.7001788755409643
func3C,1029,flip,3.0,1000,-0.2905628707744785
func3C,1029,flip,3.0,50,-0.15800972020860116
func3C,1029,flip,10.0,1000,-0.5632328159321145
func3C,1029,flip,10.0,50,-0.35634560792191977
func3C,1029,flip,30.0,1000,0.026546293166032187
func3C,1029,flip,30.0,50,0.0071425802615832645
func3C,1029,flip,100.0,1000,-0.2690727206821764
func3C,1029,flip,100.0,50,-0.16263134627844567
func3C,1030,keep,0.0,1000,-0.7221396342724966
func3C,1030,keep,0.0,50,-0.7221346120675696
func3C,1030,keep,1.0,1000,-0.7212564636545766
func3C,1030,keep,1.0,50,-0.7197617684736126
func3C,1030,keep,3.0,1000,-0.7213980455345133
func3C,1030,keep,3.0,50,-0.7213521869280528
func3C,1030,keep,10.0,1000,0.019379242186117945
func3C,1030,keep,10.0,50,-0.09527452121629297
func3C,1030,keep,30.0,1000,-0.433528111362301
func3C,1030,keep,30.0,50,-0.24048540333486454
func3C,1030,keep,100.0,1000,-0.34527843408142955
func3C,1030,keep,100.0,50,-0.30934564240319384
func3C,1030,flip,0.0,1000,-0.7199806106994417
func3C,1030,flip,0.0,50,-0.5364545554521543
func3C,1030,flip,1.0,1000,-0.4628308517757468
func3C,1030,flip,1.0,50,-0.4539629468328154
func3C,1030,flip,3.0,1000,-0.4071141737903331
func3C,1030,flip,3.0,50,-0.4589545798604669
func3C,1030,flip,10.0,1000,-0.3964774978476713
func3C,1030,flip,10.0,50,-0.238303086736109
func3C,1030,flip,30.0,1000,-0.5774067643301852
func3C,1030,flip,30.0,50,-0.4833034211694429
func3C,1030,flip,100.0,1000,0.04040820853751882
func3C,1030,flip,100.0,50,0.1730716494298098
func3C,1031,keep,0.0,1000,-0.722138029140635
func3C,1031,keep,0.0,50,-0.7221245273542891
func3C,1031,keep,1.0,1000,-0.721790639321194
func3C,1031,keep,1.0,50,-0.6934634488368615
func3C,1031,keep,3.0,1000,-0.7192344391034577
func3C,1031,keep,3.0,50,-0.7050467332124541
func3C,1031,keep,10.0,1000,-0.4800220525257933
func3C,1031,keep,10.0,50,-0.34876493912559325
func3C,1031,keep,30.0,1000,-0.28495363235679694
func3C,1031,keep,30.0,50,-0.42423533516988154
func3C,1031,keep,100.0,1000,-0.18381422197632596
func3C,1031,keep,100.0,50,-0.42538960085288324
func3C,1031,flip,0.0,1000,-0.7106593063772452
func3C,1031,flip,0.0,50,-0.6099010972394705
func3C,1031,flip,1.0,1000,-0.7195991848203551
func3C,1031,flip,1.0,50,-0.6401014480713442
func3C,1031,flip,3.0,1000,-0.11105743220722847
func3C,1031,flip,3.0,50,0.036212159175211485
func3C,1031,flip,10.0,1000,-0.04207194216990706
func3C,1031,flip,10.0,50,-0.14235555444754416
func3C,1031,flip,30.0,1000,-0.1794227723657334
func3C,1031,flip,30.0,50,-0.012368707548875979
func3C,1031,flip,100.0,1000,0.0020295877365814146
func3C,1031,flip,100.0,50,-0.6943189678443937
func3C,1032,keep,0.0,1000,-0.7221395669510196
func3C,1032,keep,0.0,50,-0.7221308942909054
func3C,1032,keep,1.0,1000,-0.7214629460721282
func3C,1032,keep,1.0,50,-0.681859365434291
func3C,1032,keep,3.0,1000,-0.6424285529765743
func3C,1032,keep,3.0,50,-0.5435923453293412
func3C,1032,keep,10.0,1000,-0.6781018586237328
func3C,1032,keep,10.0,50,-0.6881071879493205
func3C,1032,keep,30.0,1000,-0.017565748444404616
func3C,1032,keep,30.0,50,-0.3106566620108826
func3C,1032,keep,100.0,1000,0.1926666536387817
func3C,1032,keep,100.0,50,-0.6614939014222483
func3C,1032,flip,0.0,1000,-0.6605725422847767
func3C,1032,flip,0.0,50,-0.6968424881149247
func3C,1032,flip,1.0,1000,-0.6678962969475966
func3C,1032,flip,1.0,50,-0.6921502305137361
func3C,1032,flip,3.0,1000,-0.44713149223298776
func3C,1032,flip,3.0,50,-0.047398845662476985
func3C,1032,flip,10.0,1000,-0.16955855232860692
func3C,1032,flip,10.0,50,-0.12701034031501968
func3C,1032,flip,30.0,1000,-0.020783097542075357
func3C,1032,flip,30.0,50,-0.346328147314894
func3C,1032,flip,100.0,1000,0.05854077665423946
func3C,1032,flip,100.0,50,-0.20981749181829093
func3C,1033,keep,0.0,1000,-0.7221398312063951
func3C,1033,keep,0.0,50,-0.7220885234393714
func3C,1033,keep,1.0,1000,-0.7214446134272594
func3C,1033,keep,1.0,50,-0.7218810930710117
func3C,1033,keep,3.0,1000,-0.7196099974548446
func3C,1033,keep,3.0,50,-0.7215304616223904
func3C,1033,keep,10.0,1000,-0.5838688886689167
func3C,1033,keep,10.0,50,-0.7095873109453245
func3C,1033,keep,30.0,1000,-0.5751780251321297
func3C,1033,keep,30.0,50,-0.25542207625750774
func3C,1033,keep,100.0,1000,-0.16876659450054615
func3C,1033,keep,100.0,50,-0.6230008973474166
func3C,1033,flip,0.0,1000,-0.710917873423204
func3C,1033,flip,0.0,50,-0.6773593487907243
func3C,1033,flip,1.0,1000,-0.5007678317958408
func3C,1033,flip,1.0,50,-0.29368555333650503
func3C,1033,flip,3.0,1000,-0.3930543927963362
func3C,1033,flip,3.0,50,-0.2604019868555377
func3C,1033,flip,10.0,1000,-0.4208708725415227
func3C,1033,flip,10.0,50,-0.6798090797731084
func3C,1033,flip,30.0,1000,-0.40557204451624923
func3C,1033,flip,30.0,50,-0.185167642903908
func3C,1033,flip,100.0,1000,-0.3331448236694577
func3C,1033,flip,100.0,50,-0.3137676037969386
func3C,1034,keep,0.0,1000,-0.722139135391068
func3C,1034,keep,0.0,50,-0.7221383609473953
func3C,1034,keep,1.0,1000,-0.7221303308834947
func3C,1034,keep,1.0,50,-0.7212537531081897
func3C,1034,keep,3.0,1000,-0.6498222903725692
func3C,1034,keep,3.0,50,-0.44290585851192427
func3C,1034,keep,10.0,1000,-0.3534125644903326
func3C,1034,keep,10.0,50,-0.7078282928956212
func3C,1034,keep,30.0,1000,-0.1085856117855463
func3C,1034,keep,30.0,50,-0.3110745582896546
func3C,1034,keep,100.0,1000,-0.35928965742240904
func3C,1034,keep,100.0,50,-0.4308016251469371
func3C,1034,flip,0.0,1000,-0.7028576950615282
func3C,1034,flip,0.0,50,-0.6758206332831802
func3C,1034,flip,1.0,1000,-0.5515290849330743
func3C,1034,flip,1.0,50,-0.4985400097096458
func3C,1034,flip,3.0,1000,-0.6274775443797933
func3C,1034,flip,3.0,50,-0.6298599034146135
func3C,1034,flip,10.0,1000,-0.05380419444857775
func3C,1034,flip,10.0,50,-0.36104042543358855
func3C,1034,flip,30.0,1000,-0.05380419444857775
func3C,1034,flip,30.0,50,-0.26747679941347935
func3C,1034,flip,100.0,1000,-0.3247603226261888
func3C,1034,flip,100.0,50,-0.2016620332155814
func3C,1035,keep,0.0,1000,-0.7221398283189494
func3C,1035,keep,0.0,50,-0.7221082247569528
func3C,1035,keep,1.0,1000,-0.7214431954303812
func3C,1035,keep,1.0,50,-0.720321508760512
func3C,1035,keep,3.0,1000,-0.720744817496394
func3C,1035,keep,3.0,50,-0.7202442643266967
func3C,1035,keep,10.0,1000,-0.712514091609237
func3C,1035,keep,10.0,50,-0.7221173271116317
func3C,1035,keep,30.0,1000,0.042377935049599226
func3C,1035,keep,30.0,50,0.04450895347569639
func3C,1035,keep,100.0,1000,0.07850847183019453
func3C,1035,keep,100.0,50,0.04253225557554139
func3C,1035,flip,0.0,1000,-0.7184143916025172
func3C,1035,flip,0.0,50,-0.6662916603126217
func3C,1035,flip,1.0,1000,-0.7190661794987891
func3C,1035,flip,1.0,50,-0.6577060837236952
func3C,1035,flip,3.0,1000,-0.4255086157607636
func3C,1035,flip,3.0,50,-0.4002306999717896
func3C,1035,flip,10.0,1000,-0.2998214521000824
func3C,1035,flip,10.0,50,-0.3043711846393824
func3C,1035,flip,30.0,1000,0.019786471851194025
func3C,1035,flip,30.0,50,-0.22516204064832362
func3C,1035,flip,100.0,1000,-0.2983566799773677
func3C,1035,flip,100.0,50,0.06791174936664658
func3C,1036,keep,0.0,1000,-0.7221392370106424
func3C,1036,keep,0.0,50,-0.7221313286719265
func3C,1036,keep,1.0,1000,-0.7217839884142294
func3C,1036,keep,1.0,50,-0.7170943711927706
func3C,1036,keep,3.0,1000,-0.7064011953570758
func3C,1036,keep,3.0,50,-0.7187208274682255
func3C,1036,keep,10.0,1000,-0.716140780339077
func3C,1036,keep,10.0,50,-0.6439239383130186
func3C,1036,keep,30.0,1000,-0.7200759916609112
func3C,1036,keep,30.0,50,-0.2760210198883844
func3C,1036,keep,100.0,1000,-0.07161895408018726
func3C,1036,keep,100.0,50,-0.07161895408018726
func3C,1036,flip,0.0,1000,-0.7063807225948638
func3C,1036,flip,0.0,50,-0.5084776590681104
func3C,1036,flip,1.0,1000,-0.6215886004756543
func3C,1036,flip,1.0,50,-0.5447229673846808
func3C,1036,flip,3.0,1000,-0.5236755375190407
func3C,1036,flip,3.0,50,-0.4108751283942583
func3C,1036,flip,10.0,1000,-0.7220391818031752
func3C,1036,flip,10.0,50,-0.5741140364418625
func3C,1036,flip,30.0,1000,-0.3379316895654494
func3C,1036,flip,30.0,50,-0.11081024677764757
func3C,1036,flip,100.0,1000,-0.07161895408018726
func3C,1036,flip,100.0,50,-0.0881419303557634
func3C,1037,keep,0.0,1000,-0.7221388911432793
func3C,1037,keep,0.0,50,-0.7221083128495875
func3C,1037,keep,1.0,1000,-0.7211361834590011
func3C,1037,keep,1.0,50,-0.721351444286173
func3C,1037,keep,3.0,1000,-0.3429575065321737
func3C,1037,keep,3.0,50,-0.7202451854868298
func3C,1037,keep,10.0,1000,-0.29714761229252834
func3C,1037,keep,10.0,50,-0.3190870091877085
func3C,1037,keep,30.0,1000,-0.20924740778030385
func3C,1037,keep,30.0,50,-0.5572473562588915
func3C,1037,keep,100.0,1000,0.010275778027303561
func3C,1037,keep,100.0,50,-0.6837277063868774
func3C,1037,flip,0.0,1000,-0.7082882728843873
func3C,1037,flip,0.0,50,-0.6949283405682273
func3C,1037,flip,1.0,1000,-0.6601921093069438
func3C,1037,flip,1.0,50,-0.6254370629174538
func3C,1037,flip,3.0,1000,-0.5080224945412266
func3C,1037,flip,3.0,50,-0.34945473352059225
func3C,1037,flip,10.0,1000,-0.24225683273306725
func3C,1037,flip,10.0,50,0.06534300085339768
func3C,1037,flip,30.0,1000,0.19901818125955553
func3C,1037,flip,30.0,50,-0.09824394608114581
func3C,1037,flip,100.0,1000,-0.38814313730659766
func3C,1037,flip,100.0,50,0.05687475707797292
func3C,1038,keep,0.0,1000,-0.7221390466351458
func3C,1038,keep,0.0,50,-0.7221344508096441
func3C,1038,keep,1.0,1000,-0.7204703722844101
func3C,1038,keep,1.0,50,-0.7187989315913131
func3C,1038,keep,3.0,1000,-0.23436948065637705
func3C,1038,keep,3.0,50,-0.09096536429339402
func3C,1038,keep,10.0,1000,-0.32059280271278773
func3C,1038,keep,10.0,50,-0.45608726192782256
func3C,1038,keep,30.0,1000,-0.6679884382893349
func3C,1038,keep,30.0,50,-0.21977916549147286
func3C,1038,keep,100.0,1000,0.01575991131901723
func3C,1038,keep,100.0,50,-0.0275164875866572
func3C,1038,flip,0.0,1000,-0.7177088748375166
func3C,1038,flip,0.0,50,-0.48712572262467435
func3C,1038,flip,1.0,1000,-0.6277257057088916
func3C,1038,flip,1.0,50,-0.4130693951905983
func3C,1038,flip,3.0,1000,-0.7066802832726471
func3C,1038,flip,3.0,50,-0.33709467993916864
func3C,1038,flip,10.0,1000,-0.6153091966028907
func3C,1038,flip,10.0,50,-0.6129635548751002
func3C,1038,flip,30.0,1000,-0.10103946978440223
func3C,1038,flip,30.0,50,0.01575991131901723
func3C,1038,flip,100.0,1000,-0.2925891950725257
func3C,1038,flip,100.0,50,-0.06576061300870399
func3C,1039,keep,0.0,1000,-0.7221394662719697
func3C,1039,keep,0.0,50,-0.7221370361746771
func3C,1039,keep,1.0,1000,-0.7208744796542047
func3C,1039,keep,1.0,50,-0.7212777746825411
func3C,1039,keep,3.0,1000,-0.7189591627221519
func3C,1039,keep,3.0,50,-0.7185716462581777
func3C,1039,keep,10.0,1000,-0.6496793859098942
func3C,1039,keep,10.0,50,-0.5044496212758675
func3C,1039,keep,30.0,1000,-0.39604786434905503
func3C,1039,keep,30.0,50,0.005255657303347178
func3C,1039,keep,100.0,1000,-0.07300547950874248
func3C,1039,keep,100.0,50,-0.20846685846036833
func3C,1039,flip,0.0,1000,-0.7119709644674684
func3C,1039,flip,0.0,50,-0.5268353888731647
func3C,1039,flip,1.0,1000,-0.7092044337697627
func3C,1039,flip,1.0,50,-0.5105266134144244
func3C,1039,flip,3.0,1000,-0.4544524389895287
func3C,1039,flip,3.0,50,0.00374223614450854
func3C,1039,flip,10.0,1000,-0.20401478266415674
func3C,1039,flip,10.0,50,0.083566070992451
func3C,1039,flip,30.0,1000,-0.25185222596445334
func3C,1039,flip,30.0,50,-0.30600107330923476
func3C,1039,flip,100.0,1000,-0.008275488930463482
func3C,1039,flip,100.0,50,0.051413693452544235
func3C,1040,keep,0.0,1000,-0.7221348539121684
func3C,1040,keep,0.0,50,-0.7221202509957689
func3C,1040,keep,1.0,1000,-0.72177710709654
func3C,1040,keep,1.0,50,-0.722080000331467
func3C,1040,keep,3.0,1000,-0.5625895762673251
func3C,1040,keep,3.0,50,-0.6586648584781625
func3C,1040,keep,10.0,1000,-0.6941396220452899
func3C,1040,keep,10.0,50,0.11831505236417315
func3C,1040,keep,30.0,1000,-0.43873027071896575
func3C,1040,keep,30.0,50,-0.5710583576327716
func3C,1040,keep,100.0,1000,-0.4579671982766422
func3C,1040,keep,100.0,50,0.07723848410684962
func3C,1040,flip,0.0,1000,-0.7153547382979295
func3C,1040,flip,0.0,50,-0.5678733515440039
func3C,1040,flip,1.0,1000,-0.7081142527738984
func3C,1040,flip,1.0,50,-0.2833451259264383
func3C,1040,flip,3.0,1000,-0.41013738693218593
func3C,1040,flip,3.0,50,-0.5236844189124948
func3C,1040,flip,10.0,1000,-0.2233631613059972
func3C,1040,flip,10.0,50,0.07403169751313125
func3C,1040,flip,30.0,1000,-0.22067880863683212
func3C,1040,flip,30.0,50,-0.04303485128612966
func3C,1040,flip,100.0,1000,-0.23128081797511796
func3C,1040,flip,100.0,50,0.03228909041502448
func3C,1041,keep,0.0,1000,-0.7221387958298876
func3C,1041,keep,0.0,50,-0.7220985126340682
func3C,1041,keep,1.0,1000,-0.7211255600418831
func3C,1041,keep,1.0,50,-0.7205494267649354
func3C,1041,keep,3.0,1000,-0.7203389070769062
func3C,1041,keep,3.0,50,-0.6757696012917531
func3C,1041,keep,10.0,1000,-0.6948970450430279
func3C,1041,keep,10.0,50,-0.190781798218923
func3C,1041,keep,30.0,1000,-0.40380506492747326
func3C,1041,keep,30.0,50,-0.02793903367804454
func3C,1041,keep,100.0,1000,0.04299385016248075
func3C,1041,keep,100.0,50,-0.30394592326484904
func3C,1041,flip,0.0,1000,-0.7175133212719187
func3C,1041,flip,0.0,50,-0.6870017480924115
func3C,1041,flip,1.0,1000,-0.6289045329240095
func3C,1041,flip,1.0,50,-0.5594311223531397
func3C,1041,flip,3.0,1000,-0.4053521386165485
func3C,1041,flip,3.0,50,-0.43242541616412594
func3C,1041,flip,10.0,1000,0.1342769850839694
func3C,1041,flip,10.0,50,-0.2639715241294244
func3C,1041,flip,30.0,1000,-0.32710547756076314
func3C,1041,flip,30.0,50,-0.3037373491665278
func3C,1041,flip,100.0,1000,-0.06325098765744874
func3C,1041,flip,100.0,50,-0.12117167713678359
func3C,1042,keep,0.0,1000,-0.7221391350097695
func3C,1042,keep,0.0,50,-0.722101799503489
func3C,1042,keep,1.0,1000,-0.7213173820488826
func3C,1042,keep,1.0,50,-0.7193069992758316
func3C,1042,keep,3.0,1000,-0.6789536724485561
func3C,1042,keep,3.0,50,-0.6468191325834678
func3C,1042,keep,10.0,1000,-0.4461016859204906
func3C,1042,keep,10.0,50,-0.46433079052419385
func3C,1042,keep,30.0,1000,-0.41953642659347434
func3C,1042,keep,30.0,50,-0.26427776085542526
func3C,1042,keep,100.0,1000,0.08551351234181831
func3C,1042,keep,100.0,50,0.10135034530273164
func3C,1042,flip,0.0,1000,-0.6353373357645545
func3C,1042,flip,0.0,50,-0.6981886026813879
func3C,1042,flip,1.0,1000,-0.6429697786405815
func3C,1042,flip,1.0,50,-0.6893918950207287
func3C,1042,flip,3.0,1000,-0.3154120988591784
func3C,1042,flip,3.0,50,-0.3107856263968224
func3C,1042,flip,10.0,1000,-0.2280066651051026
func3C,1042,flip,10.0,50,0.07648944066520866
func3C,1042,flip,30.0,1000,-0.12176412049321614
func3C,1042,flip,30.0,50,-0.6311432640753853
func3C,1042,flip,100.0,1000,-0.09188449689355499
func3C,1042,flip,100.0,50,0.14743578112941869
func3C,1043,keep,0.0,1000,-0.7221388355881599
func3C,1043,keep,0.0,50,-0.7221221603122366
func3C,1043,keep,1.0,1000,-0.7205718773385041
func3C,1043,keep,1.0,50,-0.7221338212388556
func3C,1043,keep,3.0,1000,-0.63166611989261
func3C,1043,keep,3.0,50,-0.6607528947319463
func3C,1043,keep,10.0,1000,-0.35217338167684653
func3C,1043,keep,10.0,50,0.0025450633129830494
func3C,1043,keep,30.0,1000,-0.2684260020403626
func3C,1043,keep,30.0,50,-0.7132962725945655
func3C,1043,keep,100.0,1000,-0.6597475987932782
func3C,1043,keep,100.0,50,-0.06491464328136409
func3C,1043,flip,0.0,1000,-0.7064658077823449
func3C,1043,flip,0.0,50,-0.6005834599656322
func3C,1043,flip,1.0,1000,-0.6022562574727532
func3C,1043,flip,1.0,50,-0.4567475070409254
func3C,1043,flip,3.0,1000,-0.7172278605122202
func3C,1043,flip,3.0,50,-0.6504680031237208
func3C,1043,flip,10.0,1000,0.06159286506904099
func3C,1043,flip,10.0,50,0.10780078292436421
func3C,1043,flip,30.0,1000,-0.4527488537098215
func3C,1043,flip,30.0,50,-0.12769874313534152
func3C,1043,flip,100.0,1000,-0.6088989013137855
func3C,1043,flip,100.0,50,-0.15876093237326694
func3C,1044,keep,0.0,1000,-0.7221398802178374
func3C,1044,keep,0.0,50,-0.7221383944190232
func3C,1044,keep,1.0,1000,-0.7210661165053703
func3C,1044,keep,1.0,50,-0.7208298393419053
func3C,1044,keep,3.0,1000,-0.7210422521712769
func3C,1044,keep,3.0,50,-0.7209126928964694
func3C,1044,keep,10.0,1000,0.05234130122556155
func3C,1044,keep,10.0,50,-0.060149589212228904
func3C,1044,keep,30.0,1000,0.06652266561771533
func3C,1044,keep,30.0,50,-0.3412483742137763
func3C,1044,keep,100.0,1000,0.15874621539856815
func3C,1044,keep,100.0,50,-0.3635414201234769
func3C,1044,flip,0.0,1000,-0.7181284019324681
func3C,1044,flip,0.0,50,-0.6386424925047671
func3C,1044,flip,1.0,1000,-0.5259057382543182
func3C,1044,flip,1.0,50,-0.584221701997963
func3C,1044,flip,3.0,1000,-0.5605774462071673
func3C,1044,flip,3.0,50,-0.39766655429156006
func3C,1044,flip,10.0,1000,-0.3747901179022125
func3C,1044,flip,10.0,50,-0.34558885214849333
func3C,1044,flip,30.0,1000,-0.580373636380511
func3C,1044,flip,30.0,50,-0.03844307961961239
func3C,1044,flip,100.0,1000,-0.08292551835968015
func3C,1044,flip,100.0,50,-0.23097757869860983
func3C,1045,keep,0.0,1000,-0.7221374003649039
func3C,1045,keep,0.0,50,-0.722116164750299
func3C,1045,keep,1.0,1000,-0.7209858956901782
func3C,1045,keep,1.0,50,-0.7211545378808097
func3C,1045,keep,3.0,1000,-0.1269753898099543
func3C,1045,keep,3.0,50,-0.45549369565933084
func3C,1045,keep,10.0,1000,-0.697534707233614
func3C,1045,keep,10.0,50,-0.6991280822344484
func3C,1045,keep,30.0,1000,-0.5649585674205508
func3C,1045,keep,30.0,50,-0.45727237300120205
func3C,1045,keep,100.0,1000,-0.452534962857009
func3C,1045,keep,100.0,50,-0.20867211435329736
func3C,1045,flip,0.0,1000,-0.720999453823759
func3C,1045,flip,0.0,50,-0.6810579957645568
func3C,1045,flip,1.0,1000,-0.7019521598507116
func3C,1045,flip,1.0,50,-0.5868785666439889
func3C,1045,flip,3.0,1000,-0.7212012699917516
func3C,1045,flip,3.0,50,-0.45606468774810166
func3C,1045,flip,10.0,1000,-0.14023409616567645
func3C,1045,flip,10.0,50,-0.11849308421853444
func3C,1045,flip,30.0,1000,-0.3508731358733276
func3C,1045,flip,30.0,50,-0.10731041514184592
func3C,1045,flip,100.0,1000,0.1918479361295033
func3C,1045,flip,100.0,50,-0.6992483224236494
func3C,1046,keep,0.0,1000,-0.7221398427195445
func3C,1046,keep,0.0,50,-0.7220917192551652
func3C,1046,keep,1.0,1000,-0.720573670012163
func3C,1046,keep,1.0,50,-0.7185184875594048
func3C,1046,keep,3.0,1000,-0.047554653641589714
func3C,1046,keep,3.0,50,-0.705391199632778
func3C,1046,keep,10.0,1000,-0.39447437890664205
func3C,1046,keep,10.0,50,-0.6859160391543847
func3C,1046,keep,30.0,1000,-0.007410870331531982
func3C,1046,keep,30.0,50,0.04655561350843654
func3C,1046,keep,100.0,1000,-0.05435109334152144
func3C,1046,keep,100.0,50,-0.4588294643589192
func3C,1046,flip,0.0,1000,-0.7153050254646673
func3C,1046,flip,0.0,50,-0.6609827411569644
func3C,1046,flip,1.0,1000,-0.5381853992803655
func3C,1046,flip,1.0,50,-0.6724944540124557
func3C,1046,flip,3.0,1000,-0.4107573185644206
func3C,1046,flip,3.0,50,-0.5916961357242441
func3C,1046,flip,10.0,1000,-0.2770254363430385
func3C,1046,flip,10.0,50,-0.4447306798642036
func3C,1046,flip,30.0,1000,-0.637933473641811
func3C,1046,flip,30.0,50,-0.12183676241984168
func3C,1046,flip,100.0,1000,0.007556889807636664
func3C,1046,flip,100.0,50,0.0636370770595387
func3C,1047,keep,0.0,1000,-0.7221344327180751
func3C,1047,keep,0.0,50,-0.7220696202001771
func3C,1047,keep,1.0,1000,-0.7220084524348455
func3C,1047,keep,1.0,50,-0.624383901586189
func3C,1047,keep,3.0,1000,-0.7148082699672742
func3C,1047,keep,3.0,50,-0.4809596235606729
func3C,1047,keep,10.0,1000,-0.5102343032914268
func3C,1047,keep,10.0,50,-0.4343459781671326
func3C,1047,keep,30.0,1000,-0.0852290587257577
func3C,1047,keep,30.0,50,-0.2476562069905499
func3C,1047,keep,100.0,1000,-0.059384455246783374
func3C,1047,keep,100.0,50,-0.5966512647875617
func3C,1047,flip,0.0,1000,-0.7208159739935847
func3C,1047,flip,0.0,50,-0.6722384511082936
func3C,1047,flip,1.0,1000,-0.598475226166822
func3C,1047,flip,1.0,50,-0.6484180565034984
func3C,1047,flip,3.0,1000,-0.49889947730353024
func3C,1047,flip,3.0,50,-0.225613980641868
func3C,1047,flip,10.0,1000,-0.02020495736124489
func3C,1047,flip,10.0,50,-0.3455189153448782
func3C,1047,flip,30.0,1000,-0.38193003379372137
func3C,1047,flip,30.0,50,-0.2540721920646554
func3C,1047,flip,100.0,1000,-0.13199991176997117
func3C,1047,flip,100.0,50,-0.1650845283347952
func3C,1048,keep,0.0,1000,-0.7221398220119136
func3C,1048,keep,0.0,50,-0.7221387947831468
func3C,1048,keep,1.0,1000,-0.7218511862529373
func3C,1048,keep,1.0,50,-0.7185315573899967
func3C,1048,keep,3.0,1000,-0.7050899949485446
func3C,1048,keep,3.0,50,-0.7213558002383678
func3C,1048,keep,10.0,1000,-0.7061233483258851
func3C,1048,keep,10.0,50,-0.7196293044809009
func3C,1048,keep,30.0,1000,-0.5188328286318263
func3C,1048,keep,30.0,50,-0.3150899679620409
func3C,1048,keep,100.0,1000,-0.31156169482484625
func3C,1048,keep,100.0,50,-0.687756747268621
func3C,1048,flip,0.0,1000,-0.7206100053107403
func3C,1048,flip,0.0,50,-0.699867084669729
func3C,1048,flip,1.0,1000,-0.5425181088766214
func3C,1048,flip,1.0,50,-0.7135467316468229
func3C,1048,flip,3.0,1000,-0.4051370034647663
func3C,1048,flip,3.0,50,-0.31920367503852315
func3C,1048,flip,10.0,1000,-0.4201653170373734
func3C,1048,flip,10.0,50,-0.6018644767295902
func3C,1048,flip,30.0,1000,-0.36465390567145883
func3C,1048,flip,30.0,50,-0.4446999305928735
func3C,1048,flip,100.0,1000,-0.31156169482484625
func3C,1048,flip,100.0,50,-0.4149553255818228
func3C,1049,keep,0.0,1000,-0.7221386611187539
func3C,1049,keep,0.0,50,-0.7221244337192583
func3C,1049,keep,1.0,1000,-0.7218060475890121
func3C,1049,keep,1.0,50,-0.7216083033480408
func3C,1049,keep,3.0,1000,-0.6921721752620651
func3C,1049,keep,3.0,50,-0.7144158891590997
func3C,1049,keep,10.0,1000,-0.46434867436921484
func3C,1049,keep,10.0,50,-0.08164806673434857
func3C,1049,keep,30.0,1000,-0.4122082136744899
func3C,1049,keep,30.0,50,-0.6515782773408023
func3C,1049,keep,100.0,1000,-0.06839737851033931
func3C,1049,keep,100.0,50,-0.3001131251639031
func3C,1049,flip,0.0,1000,-0.7159918287688508
func3C,1049,flip,0.0,50,-0.6650535422029942
func3C,1049,flip,1.0,1000,-0.6526728651902252
func3C,1049,flip,1.0,50,-0.6546024489930891
func3C,1049,flip,3.0,1000,-0.5222676878293347
func3C,1049,flip,3.0,50,-0.7046026145457638
func3C,1049,flip,10.0,1000,-0.459351593208182
func3C,1049,flip,10.0,50,-0.027827207940416498
func3C,1049,flip,30.0,1000,0.00037508676153450566
func3C,1049,flip,30.0,50,-0.20174331762501596
func3C,1049,flip,100.0,1000,0.03299112327781295
func3C,1049,flip,100.0,50,0.033358839920088396
func3C,1050,keep,0.0,1000,-0.7221389843443855
func3C,1050,keep,0.0,50,-0.7221119977128501
func3C,1050,keep,1.0,1000,-0.7220217637252739
func3C,1050,keep,1.0,50,-0.7219271327355502
func3C,1050,keep,3.0,1000,-0.7186599045402253
func3C,1050,keep,3.0,50,-0.7199415991856071
func3C,1050,keep,10.0,1000,-0.7148761313422385
func3C,1050,keep,10.0,50,-0.2781760562425008
func3C,1050,keep,30.0,1000,0.08646162495489867
func3C,1050,keep,30.0,50,-0.5498785585656847
func3C,1050,keep,100.0,1000,-0.22318142843139782
func3C,1050,keep,100.0,50,-0.35688567879107724
func3C,1050,flip,0.0,1000,-0.70743613626277
func3C,1050,flip,0.0,50,-0.7044932807752075
func3C,1050,flip,1.0,1000,-0.603095526649721
func3C,1050,flip,1.0,50,-0.44433881671751624
func3C,1050,flip,3.0,1000,-0.4074440082154155
func3C,1050,flip,3.0,50,-0.46911415152674923
func3C,1050,flip,10.0,1000,-0.2100878246305398
func3C,1050,flip,10.0,50,-0.3371514312261306
func3C,1050,flip,30.0,1000,0.14737915243423996
func3C,1050,flip,30.0,50,-0.3935049366439842
func3C,1050,flip,100.0,1000,0.0829249085469709
func3C,1050,flip,100.0,50,0.006305533241278293
