objective,seed,generator,dedup,n_cand,best_b10,best_b40,best_b80,revisits
func2C,1001,keep,combination,1000,-0.20632025032962584,-0.20632564587247487,-0.20632564587247487,0
func2C,1001,keep,encoding,1000,-0.2063251073936616,-0.20632552326979675,-0.20632552326979675,0
func2C,1001,flip,combination,1000,-0.2013001398091061,-0.20446170156840707,-0.20446170156840707,0
func2C,1001,flip,encoding,1000,-0.2010517057556042,-0.20576816209912435,-0.20576816209912435,0
func2C,1001,random,combination,1000,0.14692992151256323,0.14692992151256323,0.03133920551380692,0
func2C,1001,keep,combination,50,-0.18616304351473636,-0.2063198672783439,-0.2063198672783439,0
func2C,1001,keep,combination,200,-0.20632540696561028,-0.20632540696561028,-0.20632540696561028,0
func2C,1001,flip,combination,50,-0.15618887858215116,-0.16648149965237463,-0.18309564439245193,0
func2C,1001,flip,combination,200,-0.1541069752416329,-0.1877841069879635,-0.19948012538793705,0
func2C,1002,keep,combination,1000,-0.20632371386819243,-0.20632478173738092,-0.20632551755839373,0
func2C,1002,keep,encoding,1000,-0.20632199520476302,-0.20632441080271868,-0.20632457605660873,0
func2C,1002,flip,combination,1000,-0.19238462852625357,-0.2034183884282529,-0.20438933596982495,0
func2C,1002,flip,encoding,1000,-0.19760972194744184,-0.20020705559188712,-0.20518787087682813,0
func2C,1002,random,combination,1000,0.25330816237653975,0.03532033041891738,0.03532033041891738,0
func2C,1002,keep,combination,50,-0.20420699125512157,-0.20630534353269595,-0.20632377918561717,0
func2C,1002,keep,combination,200,-0.20626844534002334,-0.2063252224243664,-0.2063252224243664,0
func2C,1002,flip,combination,50,-0.1583863808398421,-0.1583863808398421,-0.18794340188975472,0
func2C,1002,flip,combination,200,-0.20530041483147093,-0.20530041483147093,-0.20530041483147093,0
func2C,1003,keep,combination,1000,-0.20631872423480674,-0.2063249439123874,-0.2063249439123874,0
func2C,1003,keep,encoding,1000,-0.20632383191655007,-0.20632383191655007,-0.2063253941298596,0
func2C,1003,flip,combination,1000,-0.20271891487780405,-0.20271891487780405,-0.20322558055491297,0
func2C,1003,flip,encoding,1000,-0.19448367058491783,-0.2061133238633524,-0.2061133238633524,0
func2C,1003,random,combination,1000,0.006738963471462394,0.006738963471462394,0.006738963471462394,0
func2C,1003,keep,combination,50,-0.19503737765754975,-0.20629804219401132,-0.20629804219401132,0
func2C,1003,keep,combination,200,-0.20632219850353423,-0.20632219850353423,-0.2063256055115484,0
func2C,1003,flip,combination,50,-0.17833097876849063,-0.17833097876849063,-0.17833097876849063,0
func2C,1003,flip,combination,200,-0.08216960778950114,-0.19464833733583614,-0.19802257568134177,0
func2C,1004,keep,combination,1000,-0.20632107304153852,-0.20632521632908857,-0.20632521632908857,0
func2C,1004,keep,encoding,1000,-0.2063173041024602,-0.20632382090661588,-0.2063250585647404,0
func2C,1004,flip,combination,1000,-0.20499182133468516,-0.20628681533902343,-0.20628681533902343,0
func2C,1004,flip,encoding,1000,-0.20499182133468516,-0.20499182133468516,-0.20499182133468516,0
func2C,1004,random,combination,1000,-0.20499182133468516,-0.20499182133468516,-0.20499182133468516,0
func2C,1004,keep,combination,50,-0.20499182133468516,-0.20499182133468516,-0.2063085046207486,0
func2C,1004,keep,combination,200,-0.20627280556646546,-0.20631272562547803,-0.2063173662953385,0
func2C,1004,flip,combination,50,-0.20499182133468516,-0.20499182133468516,-0.20499182133468516,0
func2C,1004,flip,combination,200,-0.20499182133468516,-0.20499182133468516,-0.20499182133468516,0
func2C,1005,keep,combination,1000,-0.206316491411683,-0.20632512065375547,-0.20632515795367334,0
func2C,1005,keep,encoding,1000,-0.2063217791915278,-0.206321825993732,-0.20632556967713295,0
func2C,1005,flip,combination,1000,-0.20066884912403302,-0.20596475022399502,-0.20610240078478737,0
func2C,1005,flip,encoding,1000,-0.2050198488628514,-0.2050198488628514,-0.2050198488628514,0
func2C,1005,random,combination,1000,0.12819167334330953,-0.028359474744641698,-0.028359474744641698,0
func2C,1005,keep,combination,50,-0.20364937927763682,-0.20628503191710923,-0.2062994758665103,0
func2C,1005,keep,combination,200,-0.20631640105282928,-0.20632267231052143,-0.2063236202427125,0
func2C,1005,flip,combination,50,-0.08281944523854538,-0.15301045648907455,-0.18161337596199814,0
func2C,1005,flip,combination,200,-0.1742480517555409,-0.2002825439107813,-0.2002825439107813,0
func2C,1006,keep,combination,1000,-0.2056296173370676,-0.20632487636657193,-0.2063252768078041,0
func2C,1006,keep,encoding,1000,-0.20632304566057047,-0.20632496707307899,-0.20632544738454278,0
func2C,1006,flip,combination,1000,-0.20574058878978257,-0.20574058878978257,-0.20574058878978257,0
func2C,1006,flip,encoding,1000,-0.20017032207622393,-0.20627745400185504,-0.20627745400185504,0
func2C,1006,random,combination,1000,0.03185996649267302,0.004938029801422585,-0.2049821031781623,0
func2C,1006,keep,combination,50,-0.032413471776363244,-0.20631867497793036,-0.20631867497793036,0
func2C,1006,keep,combination,200,-0.20629919831577587,-0.20632336742468302,-0.20632336742468302,0
func2C,1006,flip,combination,50,-0.17549400600383716,-0.20311834274650492,-0.2048014031990068,0
func2C,1006,flip,combination,200,-0.1642390350691006,-0.19632000924423054,-0.19632000924423054,0
func2C,1007,keep,combination,1000,-0.20632200297865153,-0.20632551344544608,-0.20632551433858107,0
func2C,1007,keep,encoding,1000,-0.20631586158515317,-0.20632543192304534,-0.20632543192304534,0
func2C,1007,flip,combination,1000,-0.2015090037206872,-0.20593994873687813,-0.2060284055661338,0
func2C,1007,flip,encoding,1000,-0.20131250768165349,-0.20187376029445936,-0.20187376029445936,0
func2C,1007,random,combination,1000,0.006202555764331888,0.006202555764331888,0.006202555764331888,0
func2C,1007,keep,combination,50,-0.20630271650628002,-0.2063155390551393,-0.2063155390551393,0
func2C,1007,keep,combination,200,-0.2062996207270101,-0.20631677691373143,-0.20632432513258564,0
func2C,1007,flip,combination,50,-0.19153478746100533,-0.19153478746100533,-0.19153478746100533,0
func2C,1007,flip,combination,200,-0.17259321695923002,-0.19775020944599728,-0.2028401162997163,0
func2C,1008,keep,combination,1000,-0.2063136888289784,-0.2063248337380764,-0.2063248337380764,0
func2C,1008,keep,encoding,1000,-0.20631988199027468,-0.2063247586748378,-0.20632517530590228,0
func2C,1008,flip,combination,1000,-0.1963898285506293,-0.20229898800085735,-0.20538784470043195,0
func2C,1008,flip,encoding,1000,-0.2022012872110484,-0.20603274573276215,-0.20603274573276215,0
func2C,1008,random,combination,1000,0.05992783239749496,0.04520654623316603,0.04520654623316603,0
func2C,1008,keep,combination,50,-0.20546363981693863,-0.2063190287302144,-0.2063190287302144,0
func2C,1008,keep,combination,200,-0.20626403907621413,-0.2063138058683212,-0.20631837420748203,0
func2C,1008,flip,combination,50,-0.12645543897916595,-0.12645543897916595,-0.20022077443815373,0
func2C,1008,flip,combination,200,-0.18227597413126526,-0.18655900703762804,-0.18655900703762804,0
func2C,1009,keep,combination,1000,-0.20632185992927243,-0.2063251483950958,-0.2063251483950958,0
func2C,1009,keep,encoding,1000,-0.20632036280340507,-0.2063252951769643,-0.2063252951769643,0
func2C,1009,flip,combination,1000,-0.2047392306233165,-0.2047392306233165,-0.2051469766785054,0
func2C,1009,flip,encoding,1000,-0.20452877050303275,-0.2054972452205397,-0.2054972452205397,0
func2C,1009,random,combination,1000,0.033823107809827314,0.023784667027348917,0.008601540123015436,0
func2C,1009,keep,combination,50,-0.20593308819426337,-0.2063240180765309,-0.2063240180765309,0
func2C,1009,keep,combination,200,-0.20615510179728097,-0.2063222673905131,-0.2063222673905131,0
func2C,1009,flip,combination,50,0.005683009498315683,-0.12404607378767415,-0.1918920662790789,0
func2C,1009,flip,combination,200,-0.20626604420783212,-0.20626604420783212,-0.20626604420783212,0
func2C,1010,keep,combination,1000,-0.20631849160974353,-0.2063247795012811,-0.2063254914856726,0
func2C,1010,keep,encoding,1000,-0.20632118711714545,-0.20632536822999564,-0.20632536822999564,0
func2C,1010,flip,combination,1000,-0.20374541758426673,-0.2059377547282383,-0.2059377547282383,0
func2C,1010,flip,encoding,1000,-0.20205608855669938,-0.20387078046621623,-0.20488735636489178,0
func2C,1010,random,combination,1000,-0.08640252568674804,-0.08640252568674804,-0.08640252568674804,0
func2C,1010,keep,combination,50,-0.20278924740934384,-0.2063228191711191,-0.2063228191711191,0
func2C,1010,keep,combination,200,-0.20621478074213262,-0.206324795861155,-0.206324795861155,0
func2C,1010,flip,combination,50,-0.04331045310729924,-0.1972817071228029,-0.1972817071228029,0
func2C,1010,flip,combination,200,-0.16012634383468322,-0.20487911025037858,-0.20487911025037858,0
func2C,1011,keep,combination,1000,-0.20630723521324681,-0.20632416606341947,-0.20632550825741935,0
func2C,1011,keep,encoding,1000,-0.20632530125126905,-0.20632537380031618,-0.20632537380031618,0
func2C,1011,flip,combination,1000,-0.20356795732686278,-0.20356795732686278,-0.20427233559972452,0
func2C,1011,flip,encoding,1000,-0.19446069902841218,-0.20580073335343269,-0.20580073335343269,0
func2C,1011,random,combination,1000,-0.1529116567927834,-0.1529116567927834,-0.1529116567927834,0
func2C,1011,keep,combination,50,-0.2062071763275112,-0.20632451844564398,-0.20632451844564398,0
func2C,1011,keep,combination,200,-0.20630555980124635,-0.20631499512779264,-0.2063178835425315,0
func2C,1011,flip,combination,50,-0.1529116567927834,-0.16499667053819617,-0.16720924759801897,0
func2C,1011,flip,combination,200,-0.1713125516486829,-0.17253384999747798,-0.20594501961476755,0
func2C,1012,keep,combination,1000,-0.2063241937263789,-0.20632472506636654,-0.20632472506636654,0
func2C,1012,keep,encoding,1000,-0.20631372255990832,-0.20632493828931775,-0.20632493828931775,0
func2C,1012,flip,combination,1000,-0.2043292173942583,-0.2043292173942583,-0.20486524091435737,0
func2C,1012,flip,encoding,1000,-0.20115464758516,-0.20610173776391516,-0.20610173776391516,0
func2C,1012,random,combination,1000,0.06545804204333174,-0.10786461713312372,-0.10786461713312372,0
func2C,1012,keep,combination,50,-0.20471597052988882,-0.20622101377136243,-0.20632448309888485,0
func2C,1012,keep,combination,200,-0.20627630077829767,-0.20632346717726283,-0.20632481136057573,0
func2C,1012,flip,combination,50,-0.12509184210351437,-0.19819202786721357,-0.19819202786721357,0
func2C,1012,flip,combination,200,-0.18641590630346533,-0.19106871549815052,-0.19106871549815052,0
func2C,1013,keep,combination,1000,-0.20632352375775986,-0.20632565326026286,-0.20632565326026286,0
func2C,1013,keep,encoding,1000,-0.20632178854643834,-0.206324922312834,-0.2063255237393749,0
func2C,1013,flip,combination,1000,-0.1764159048458968,-0.20375377292046534,-0.20483098057581567,0
func2C,1013,flip,encoding,1000,-0.20331594917560714,-0.20550833960677645,-0.20550833960677645,0
func2C,1013,random,combination,1000,0.07859770078547985,-0.05007850944532941,-0.05007850944532941,0
func2C,1013,keep,combination,50,-0.20233914426609195,-0.20628505052600551,-0.20632047368183365,0
func2C,1013,keep,combination,200,-0.20627601734605916,-0.2063241798332654,-0.2063241798332654,0
func2C,1013,flip,combination,50,-0.021137683302116073,-0.16962979300105172,-0.1827584527974931,0
func2C,1013,flip,combination,200,-0.20571920120113357,-0.20571920120113357,-0.20571920120113357,0
func2C,1014,keep,combination,1000,-0.20632183565103204,-0.20632498667694024,-0.20632507623213087,0
func2C,1014,keep,encoding,1000,-0.2063137825965755,-0.20632436642508853,-0.2063247187836737,0
func2C,1014,flip,combination,1000,-0.1950451873567528,-0.2030835360896169,-0.20582192891263285,0
func2C,1014,flip,encoding,1000,-0.20603009739148748,-0.20603009739148748,-0.20617629636500903,0
func2C,1014,random,combination,1000,0.21196647065816784,0.038650327876621905,0.038650327876621905,0
func2C,1014,keep,combination,50,-0.20630660992866465,-0.20632503262025575,-0.20632503262025575,0
func2C,1014,keep,combination,200,-0.20630270767850725,-0.2063254710612778,-0.2063254710612778,0
func2C,1014,flip,combination,50,-0.18032319286896908,-0.18032319286896908,-0.19772433205050108,0
func2C,1014,flip,combination,200,-0.12503580466463646,-0.18417779527797215,-0.19530945876934988,0
func2C,1015,keep,combination,1000,-0.20632405712951196,-0.20632537999787176,-0.20632537999787176,0
func2C,1015,keep,encoding,1000,-0.20631453711777517,-0.2063251458924588,-0.2063254246729996,0
func2C,1015,flip,combination,1000,-0.206133541720543,-0.206133541720543,-0.206133541720543,0
func2C,1015,flip,encoding,1000,-0.1869938795823296,-0.20309434746473767,-0.20619194765115764,0
func2C,1015,random,combination,1000,0.041405202522088555,0.021905397455691023,0.021905397455691023,0
func2C,1015,keep,combination,50,-0.197083526423196,-0.20632245268130572,-0.20632245268130572,0
func2C,1015,keep,combination,200,-0.20632314246436886,-0.20632314246436886,-0.20632321847417412,0
func2C,1015,flip,combination,50,-0.15575988761931198,-0.15575988761931198,-0.17977967235244413,0
func2C,1015,flip,combination,200,-0.19059967667957295,-0.20467790552636683,-0.20467790552636683,0
func2C,1016,keep,combination,1000,-0.20632506851240132,-0.20632506851240132,-0.20632538052096971,0
func2C,1016,keep,encoding,1000,-0.20632423744370804,-0.20632533888398658,-0.20632533888398658,0
func2C,1016,flip,combination,1000,-0.19984389608908465,-0.20421277130632828,-0.20443253969992786,0
func2C,1016,flip,encoding,1000,-0.20222974817394931,-0.20222974817394931,-0.20576014646146223,0
func2C,1016,random,combination,1000,0.0897909832970982,0.03474456770420837,0.03474456770420837,0
func2C,1016,keep,combination,50,-0.17130740716318077,-0.20630303442297993,-0.20631444745075328,0
func2C,1016,keep,combination,200,-0.20570915439904472,-0.20632472107405997,-0.20632472107405997,0
func2C,1016,flip,combination,50,-0.1723752596595765,-0.1999255696072905,-0.1999255696072905,0
func2C,1016,flip,combination,200,-0.15460650681428434,-0.1893554261820125,-0.18949667642392135,0
func2C,1017,keep,combination,1000,-0.20632406183977592,-0.2063252431603348,-0.2063252431603348,0
func2C,1017,keep,encoding,1000,-0.20632502740381833,-0.20632528242057893,-0.20632549886163876,0
func2C,1017,flip,combination,1000,-0.20574785527175482,-0.20574785527175482,-0.20580250295427865,0
func2C,1017,flip,encoding,1000,-0.20304033371805347,-0.20489035304116804,-0.2055552736218688,0
func2C,1017,random,combination,1000,0.3706839475179018,-0.05964215172007611,-0.05964215172007611,0
func2C,1017,keep,combination,50,-0.19688174829612326,-0.2062343033179092,-0.20631792505026864,0
func2C,1017,keep,combination,200,-0.20604373438488688,-0.20631171640409735,-0.20632306968530698,0
func2C,1017,flip,combination,50,-0.140172686118156,-0.140172686118156,-0.1413033387942954,0
func2C,1017,flip,combination,200,-0.15708407268801175,-0.20299202438173847,-0.20299202438173847,0
func2C,1018,keep,combination,1000,-0.20632264308812648,-0.20632550576671913,-0.20632550576671913,0
func2C,1018,keep,encoding,1000,-0.2063229008781883,-0.20632555090670154,-0.20632555090670154,0
func2C,1018,flip,combination,1000,-0.20379081241600105,-0.20379081241600105,-0.20379081241600105,0
func2C,1018,flip,encoding,1000,-0.20319421067349727,-0.20319421067349727,-0.20587546397676948,0
func2C,1018,random,combination,1000,-0.13056524505830788,-0.13056524505830788,-0.13056524505830788,0
func2C,1018,keep,combination,50,-0.20223514699165399,-0.20630475564329803,-0.20630865395639705,0
func2C,1018,keep,combination,200,-0.20631148022518878,-0.20632370521161342,-0.20632526236516938,0
func2C,1018,flip,combination,50,-0.13056524505830788,-0.1828452727281539,-0.20540552908906934,0
func2C,1018,flip,combination,200,-0.13465539881826763,-0.1989756844007869,-0.1989756844007869,0
func2C,1019,keep,combination,1000,-0.20632245955356976,-0.2063254985136577,-0.2063254985136577,0
func2C,1019,keep,encoding,1000,-0.206316553489649,-0.2063244285635258,-0.2063250575842283,0
func2C,1019,flip,combination,1000,-0.1991313057880123,-0.20192745316817753,-0.20410715927340686,0
func2C,1019,flip,encoding,1000,-0.2009339293113769,-0.20243886661606852,-0.20585035562158366,0
func2C,1019,random,combination,1000,0.17575769661546453,0.006954477004749311,0.006954477004749311,0
func2C,1019,keep,combination,50,-0.11826030941869506,-0.2062977250031038,-0.20631629976614638,0
func2C,1019,keep,combination,200,-0.19323227141014496,-0.20632523843245462,-0.20632523843245462,0
func2C,1019,flip,combination,50,-0.1829543833425804,-0.1988223618981841,-0.1988223618981841,0
func2C,1019,flip,combination,200,-0.17428877838855966,-0.20392090705269603,-0.20392090705269603,0
func2C,1020,keep,combination,1000,-0.20632553657638403,-0.20632553657638403,-0.20632562972897003,0
func2C,1020,keep,encoding,1000,-0.2063250788399423,-0.20632561679328046,-0.20632561679328046,0
func2C,1020,flip,combination,1000,-0.20566524211485068,-0.20566524211485068,-0.20566524211485068,0
func2C,1020,flip,encoding,1000,-0.20391191562954836,-0.20591924940179313,-0.20591924940179313,0
func2C,1020,random,combination,1000,-0.007988218015056248,-0.007988218015056248,-0.14374693978152991,0
func2C,1020,keep,combination,50,-0.2049528229216248,-0.20629659795047264,-0.20632370075682355,0
func2C,1020,keep,combination,200,-0.20629113542477767,-0.20632494065103582,-0.2063255774822283,0
func2C,1020,flip,combination,50,-0.013698696633291063,-0.1889841870385335,-0.1889841870385335,0
func2C,1020,flip,combination,200,-0.16329843951493925,-0.1839724903690076,-0.19528478824792747,0
func2C,1021,keep,combination,1000,-0.20631277197369205,-0.2063255721618468,-0.2063255721618468,0
func2C,1021,keep,encoding,1000,-0.20632106347808218,-0.20632551204577135,-0.20632557086559555,0
func2C,1021,flip,combination,1000,-0.193736788962491,-0.20556378146532767,-0.2059241467006943,0
func2C,1021,flip,encoding,1000,-0.20291406991941724,-0.20291406991941724,-0.2063081402766151,0
func2C,1021,random,combination,1000,0.047384265393942984,0.010922957579067478,-0.14289393335220454,0
func2C,1021,keep,combination,50,-0.2060533660148755,-0.20630789804200528,-0.20631706196486937,0
func2C,1021,keep,combination,200,-0.2063207690358011,-0.20632405607918675,-0.20632495328573572,0
func2C,1021,flip,combination,50,-0.11596672711306828,-0.18304984192588547,-0.20241704561153803,0
func2C,1021,flip,combination,200,-0.18659253701953077,-0.18659253701953077,-0.20417216188780815,0
func2C,1022,keep,combination,1000,-0.2063106288528076,-0.20632557571714139,-0.20632557571714139,0
func2C,1022,keep,encoding,1000,-0.20632294597762008,-0.20632560137868028,-0.20632560137868028,0
func2C,1022,flip,combination,1000,-0.18671104904633956,-0.20019149739271147,-0.20484016926069154,0
func2C,1022,flip,encoding,1000,-0.19358868932675483,-0.20550942347355675,-0.20550942347355675,0
func2C,1022,random,combination,1000,0.09352490725842134,0.019502167596088926,0.019502167596088926,0
func2C,1022,keep,combination,50,-0.20537931350222566,-0.2063029613230737,-0.2063125862291099,0
func2C,1022,keep,combination,200,-0.20632030382126101,-0.20632030382126101,-0.20632514872284355,0
func2C,1022,flip,combination,50,-0.1401913606219674,-0.17068795837109962,-0.17068795837109962,0
func2C,1022,flip,combination,200,-0.150194136625659,-0.20361452063345334,-0.20361452063345334,0
func2C,1023,keep,combination,1000,-0.206315166343389,-0.20632564782284693,-0.20632564782284693,0
func2C,1023,keep,encoding,1000,-0.2063245244318967,-0.20632559141714263,-0.20632559141714263,0
func2C,1023,flip,combination,1000,-0.20371941683801356,-0.20371941683801356,-0.20371941683801356,0
func2C,1023,flip,encoding,1000,-0.18835483964225108,-0.19893017197331003,-0.2051271931597621,0
func2C,1023,random,combination,1000,0.06062835617534397,0.015424988458634891,0.015424988458634891,0
func2C,1023,keep,combination,50,-0.20609531248797439,-0.20631636607575587,-0.20632323625618326,0
func2C,1023,keep,combination,200,-0.20631057809406195,-0.2063205859187592,-0.20632393379926334,0
func2C,1023,flip,combination,50,-0.2027939730444285,-0.2027939730444285,-0.2027939730444285,0
func2C,1023,flip,combination,200,-0.16484123776428064,-0.20376621149893553,-0.20376621149893553,0
func2C,1024,keep,combination,1000,-0.2063251376299763,-0.20632542608185833,-0.20632542608185833,0
func2C,1024,keep,encoding,1000,-0.20632050871732638,-0.20632492852404155,-0.20632512397109393,0
func2C,1024,flip,combination,1000,-0.1929760243339545,-0.20484599108762552,-0.20531522431817298,0
func2C,1024,flip,encoding,1000,-0.191147817728455,-0.2048318211583918,-0.2048318211583918,0
func2C,1024,random,combination,1000,0.0553027401899409,0.0553027401899409,0.026913756894231523,0
func2C,1024,keep,combination,50,-0.15313604688303473,-0.20629631937330029,-0.20629631937330029,0
func2C,1024,keep,combination,200,-0.2062355453431505,-0.20632418336974262,-0.20632559014560825,0
func2C,1024,flip,combination,50,-0.10118815769492424,-0.2000824711595442,-0.2000824711595442,0
func2C,1024,flip,combination,200,-0.0968943628396802,-0.2020940515962542,-0.20449916910184215,0
func2C,1025,keep,combination,1000,-0.20632273320901523,-0.2063254953237666,-0.2063254953237666,0
func2C,1025,keep,encoding,1000,-0.20632403667231594,-0.2063251604120556,-0.20632519752211417,0
func2C,1025,flip,combination,1000,-0.20608980169726804,-0.20608980169726804,-0.20608980169726804,0
func2C,1025,flip,encoding,1000,-0.17481839046767078,-0.20616538017749103,-0.20616538017749103,0
func2C,1025,random,combination,1000,0.11417704600080916,0.08268782377864914,0.08268782377864914,0
func2C,1025,keep,combination,50,-0.20498948206377685,-0.2063012392892257,-0.20630839431557485,0
func2C,1025,keep,combination,200,-0.20627290129753262,-0.2063253153846949,-0.2063253153846949,0
func2C,1025,flip,combination,50,-0.11410505042251007,-0.17296332480434248,-0.17296332480434248,0
func2C,1025,flip,combination,200,-0.18586972818550948,-0.19405897975397465,-0.20574946701178667,0
func3C,1001,keep,combination,1000,-0.722132349886513,-0.7221384132089633,-0.7221384132089633,0
func3C,1001,keep,encoding,1000,-0.722127512337587,-0.7221383577942426,-0.7221383577942426,0
func3C,1001,flip,combination,1000,-0.5771483907106141,-0.7102795599314655,-0.7102795599314655,0
func3C,1001,flip,encoding,1000,-0.6668579790957717,-0.7220315249023577,-0.7220315249023577,0
func3C,1001,random,combination,1000,0.37342617099733577,0.06400056957578615,0.06400056957578615,0
func3C,1001,keep,combination,50,-0.7149845184720482,-0.7221265652595862,-0.7221265652595862,0
func3C,1001,keep,combination,200,-0.7220731646884881,-0.7221386670704808,-0.7221386670704808,0
func3C,1001,flip,combination,50,-0.035451348464069554,-0.6418529126528025,-0.6418529126528025,0
func3C,1001,flip,combination,200,-0.6188678979133966,-0.6188678979133966,-0.7138420252282429,0
func3C,1002,keep,combination,1000,-0.7221193565926443,-0.722136141277925,-0.7221392794363021,0
func3C,1002,keep,encoding,1000,-0.7221045691000505,-0.7221396354732774,-0.7221396354732774,0
func3C,1002,flip,combination,1000,-0.7128095059469854,-0.7128095059469854,-0.7128095059469854,0
func3C,1002,flip,encoding,1000,-0.709664393821035,-0.709664393821035,-0.709664393821035,0
func3C,1002,random,combination,1000,-0.06072659998632496,-0.14851501874652331,-0.14851501874652331,0
func3C,1002,keep,combination,50,-0.32383097900704855,-0.722083099943947,-0.7221394748752281,0
func3C,1002,keep,combination,200,-0.7219822087602826,-0.7221352641354197,-0.7221352641354197,0
func3C,1002,flip,combination,50,-0.7014474770798473,-0.7014474770798473,-0.7014474770798473,0
func3C,1002,flip,combination,200,-0.46324174394152373,-0.46324174394152373,-0.5139370951827094,0
func3C,1003,keep,combination,1000,-0.7221310359781131,-0.7221381347052704,-0.7221396311644301,0
func3C,1003,keep,encoding,1000,-0.7221302592342107,-0.7221366426457192,-0.722138692788721,0
func3C,1003,flip,combination,1000,-0.6598572986053362,-0.7148115099296718,-0.7195455379894349,0
func3C,1003,flip,encoding,1000,-0.6010144479717388,-0.7134515455251962,-0.7202470339271391,0
func3C,1003,random,combination,1000,0.24795730598509538,0.18372690447929427,0.18372690447929427,0
func3C,1003,keep,combination,50,-0.7168850361660466,-0.7219760159729097,-0.722128549638271,0
func3C,1003,keep,combination,200,-0.6546236751439117,-0.7221288840498218,-0.7221393166978564,0
func3C,1003,flip,combination,50,-0.32587105928242827,-0.6962487927613548,-0.6962487927613548,0
func3C,1003,flip,combination,200,-0.6862957171726622,-0.7101825769424808,-0.7101825769424808,0
func3C,1004,keep,combination,1000,-0.7221202361753434,-0.7221362555861075,-0.7221386294022472,0
func3C,1004,keep,encoding,1000,-0.7221241423802871,-0.7221393196213246,-0.7221393196213246,0
func3C,1004,flip,combination,1000,-0.48868121970865397,-0.7220006209834624,-0.7220006209834624,0
func3C,1004,flip,encoding,1000,-0.6158212738246431,-0.710852082658793,-0.710852082658793,0
func3C,1004,random,combination,1000,-0.168066573294942,-0.168066573294942,-0.168066573294942,0
func3C,1004,keep,combination,50,-0.7218019005887844,-0.7219758168444159,-0.7220895772535151,0
func3C,1004,keep,combination,200,-0.7219839253306313,-0.722100322513004,-0.7221364709374762,0
func3C,1004,flip,combination,50,-0.3495517971246217,-0.6903281005370763,-0.6903281005370763,0
func3C,1004,flip,combination,200,-0.7051289176840776,-0.7051289176840776,-0.7051289176840776,0
func3C,1005,keep,combination,1000,-0.7221356525041701,-0.7221386425535936,-0.7221392672701247,0
func3C,1005,keep,encoding,1000,-0.7221377553171526,-0.7221382326938657,-0.722138259444371,0
func3C,1005,flip,combination,1000,-0.6469396455873688,-0.6551108643117189,-0.7143059505333913,0
func3C,1005,flip,encoding,1000,-0.7130283026750324,-0.7130283026750324,-0.7130283026750324,0
func3C,1005,random,combination,1000,0.5262358700334456,-0.11323103274352271,-0.11323103274352271,0
func3C,1005,keep,combination,50,-0.5744358603085955,-0.721906351060928,-0.7221067696114674,0
func3C,1005,keep,combination,200,-0.7220817857205891,-0.7221241000580587,-0.7221392547660165,0
func3C,1005,flip,combination,50,-0.6674703327159641,-0.6674703327159641,-0.6674703327159641,0
func3C,1005,flip,combination,200,-0.6146023464745367,-0.6146023464745367,-0.6849947055217671,0
func3C,1006,keep,combination,1000,-0.7221267617032394,-0.7221385417588583,-0.7221386962256593,0
func3C,1006,keep,encoding,1000,-0.7221005126022199,-0.7221352620733963,-0.7221385585743418,0
func3C,1006,flip,combination,1000,-0.5075576944142628,-0.6778036420010903,-0.7185677710788684,0
func3C,1006,flip,encoding,1000,-0.6413420497396496,-0.7146083630035,-0.7183293947595532,0
func3C,1006,random,combination,1000,0.28481202372239567,-0.18628447191543734,-0.18628447191543734,0
func3C,1006,keep,combination,50,-0.3718079608798396,-0.7221268095364564,-0.7221268095364564,0
func3C,1006,keep,combination,200,-0.7220330071931389,-0.7221292652782088,-0.7221292652782088,0
func3C,1006,flip,combination,50,-0.6769137713201032,-0.6769137713201032,-0.6769137713201032,0
func3C,1006,flip,combination,200,-0.699298233775205,-0.699298233775205,-0.699298233775205,0
func3C,1007,keep,combination,1000,-0.7221314517723001,-0.7221392830722467,-0.7221392830722467,0
func3C,1007,keep,encoding,1000,-0.7221388216360447,-0.7221395086222149,-0.7221395086222149,0
func3C,1007,flip,combination,1000,-0.689062942569227,-0.716897124837697,-0.718195311441542,0
func3C,1007,flip,encoding,1000,-0.7122151132030332,-0.7122151132030332,-0.7187655860027268,0
func3C,1007,random,combination,1000,0.23278570243566427,0.13996852143958136,0.05448838505769237,0
func3C,1007,keep,combination,50,-0.68032507917548,-0.722046859141676,-0.7221227423483536,0
func3C,1007,keep,combination,200,-0.722020248442673,-0.7221261720319787,-0.7221261720319787,0
func3C,1007,flip,combination,50,-0.6289063095521947,-0.6289063095521947,-0.6289063095521947,0
func3C,1007,flip,combination,200,-0.5074702433863045,-0.5074702433863045,-0.5489601277254121,0
func3C,1008,keep,combination,1000,-0.7221021310887683,-0.7221396112673673,-0.7221396112673673,0
func3C,1008,keep,encoding,1000,-0.72211030799541,-0.7221398621140764,-0.7221398621140764,0
func3C,1008,flip,combination,1000,-0.5590037138269242,-0.6036466649284505,-0.67247534215139,0
func3C,1008,flip,encoding,1000,-0.5908277381758827,-0.7157350579579365,-0.7200971729792539,0
func3C,1008,random,combination,1000,0.3859095960589623,0.16960882659722348,-0.21554373756250125,0
func3C,1008,keep,combination,50,-0.3864876609688007,-0.7221042324425192,-0.7221200007719799,0
func3C,1008,keep,combination,200,-0.7167335139289492,-0.7221393313742017,-0.7221393313742017,0
func3C,1008,flip,combination,50,-0.22318102389197458,-0.6110150895401303,-0.6110150895401303,0
func3C,1008,flip,combination,200,-0.6098713784465222,-0.6098713784465222,-0.7164446179457424,0
func3C,1009,keep,combination,1000,-0.7221097781350014,-0.7221398671471209,-0.7221398671471209,0
func3C,1009,keep,encoding,1000,-0.7221391968082707,-0.7221391968082707,-0.7221397217218142,0
func3C,1009,flip,combination,1000,-0.6251270083309205,-0.686595697707501,-0.701633373379084,0
func3C,1009,flip,encoding,1000,-0.690263441268734,-0.6984014322696841,-0.6984014322696841,0
func3C,1009,random,combination,1000,0.05405792097404434,-0.02306724316682749,-0.02306724316682749,0
func3C,1009,keep,combination,50,-0.06927870129797611,-0.7219480948432773,-0.7220177529493732,0
func3C,1009,keep,combination,200,-0.7220393553641739,-0.7221278163534355,-0.722136832138861,0
func3C,1009,flip,combination,50,-0.5979623651360453,-0.6932189474494752,-0.6932189474494752,0
func3C,1009,flip,combination,200,-0.5358604630361559,-0.6256943070051072,-0.6709821299196023,0
func3C,1010,keep,combination,1000,-0.7221255539675178,-0.7221337516161184,-0.7221393104907925,0
func3C,1010,keep,encoding,1000,-0.7221109386672006,-0.7221397272064114,-0.7221397272064114,0
func3C,1010,flip,combination,1000,-0.6336523664365059,-0.6366349094592378,-0.7054753670907327,0
func3C,1010,flip,encoding,1000,-0.6692355136022873,-0.7192714184969424,-0.7192714184969424,0
func3C,1010,random,combination,1000,0.45323005988871806,0.3547329716589323,0.15865695270919464,0
func3C,1010,keep,combination,50,-0.3706659335061451,-0.7220454289338447,-0.7221349573990234,0
func3C,1010,keep,combination,200,-0.706015393695745,-0.7221393230691873,-0.7221393230691873,0
func3C,1010,flip,combination,50,-0.4214650818791579,-0.6585666422442684,-0.6585666422442684,0
func3C,1010,flip,combination,200,-0.6409462429154787,-0.7135053993132858,-0.7135053993132858,0
func3C,1011,keep,combination,1000,-0.7221390445952253,-0.7221394222616797,-0.7221394222616797,0
func3C,1011,keep,encoding,1000,-0.7221325731619784,-0.7221398433449059,-0.7221398433449059,0
func3C,1011,flip,combination,1000,-0.56887328540448,-0.7219678038394285,-0.7219678038394285,0
func3C,1011,flip,encoding,1000,-0.7062241361214361,-0.7062241361214361,-0.7121261268325993,0
func3C,1011,random,combination,1000,0.5195093165114523,0.48312358233370833,0.03217315052337166,0
func3C,1011,keep,combination,50,-0.6303693514799384,-0.7220581527590215,-0.7221290479025262,0
func3C,1011,keep,combination,200,-0.7220243392875909,-0.7220704904662748,-0.7221196216258436,0
func3C,1011,flip,combination,50,-0.33182474664595873,-0.6239067222990107,-0.6239067222990107,0
func3C,1011,flip,combination,200,-0.6432117469077464,-0.6800976171206616,-0.6800976171206616,0
func3C,1012,keep,combination,1000,-0.7220794734573218,-0.722135239055387,-0.7221399033158598,0
func3C,1012,keep,encoding,1000,-0.7220335652559925,-0.722139659047893,-0.722139659047893,0
func3C,1012,flip,combination,1000,-0.6637386388141197,-0.6637386388141197,-0.7096429752077351,0
func3C,1012,flip,encoding,1000,-0.6117088607110213,-0.6117088607110213,-0.6757180858681981,0
func3C,1012,random,combination,1000,0.27486273918747817,0.13253219718615739,0.13253219718615739,0
func3C,1012,keep,combination,50,-0.7067891193375568,-0.7221155397028745,-0.7221155397028745,0
func3C,1012,keep,combination,200,-0.7221246610218438,-0.7221365952992864,-0.7221365952992864,0
func3C,1012,flip,combination,50,-0.23654105878206377,-0.6814221391849571,-0.6814221391849571,0
func3C,1012,flip,combination,200,-0.480181546944431,-0.7090731764749285,-0.7090731764749285,0
func3C,1013,keep,combination,1000,-0.7221058218714569,-0.7221349538931959,-0.7221393787384638,0
func3C,1013,keep,encoding,1000,-0.7220780107810139,-0.7221383895045432,-0.7221383895045432,0
func3C,1013,flip,combination,1000,-0.5736994677993842,-0.7120328858679363,-0.7120328858679363,0
func3C,1013,flip,encoding,1000,-0.6738337618971457,-0.6965771145473971,-0.7124447702015542,0
func3C,1013,random,combination,1000,0.37365386776422815,-0.030216974868045088,-0.030216974868045088,0
func3C,1013,keep,combination,50,-0.21266823816270158,-0.7218972654757244,-0.7221356725293939,0
func3C,1013,keep,combination,200,-0.7221089095987013,-0.7221377305119678,-0.7221377305119678,0
func3C,1013,flip,combination,50,-0.49157297018134527,-0.49157297018134527,-0.49157297018134527,0
func3C,1013,flip,combination,200,-0.49492472364131473,-0.6883456550482865,-0.6883456550482865,0
func3C,1014,keep,combination,1000,-0.7221206781504772,-0.7221393923923813,-0.7221393923923813,0
func3C,1014,keep,encoding,1000,-0.7221330680890037,-0.7221330680890037,-0.7221362881885712,0
func3C,1014,flip,combination,1000,-0.662890404974323,-0.662890404974323,-0.7191896605331256,0
func3C,1014,flip,encoding,1000,-0.7096923414861419,-0.7096923414861419,-0.7096923414861419,0
func3C,1014,random,combination,1000,0.155403512392302,-0.12670359660798763,-0.12670359660798763,0
func3C,1014,keep,combination,50,-0.6960974823499095,-0.7221396969937094,-0.7221396969937094,0
func3C,1014,keep,combination,200,-0.7219060361927978,-0.7221268699848541,-0.7221295932334071,0
func3C,1014,flip,combination,50,-0.6726103695541557,-0.6726103695541557,-0.6726103695541557,0
func3C,1014,flip,combination,200,-0.6815043143619848,-0.6815043143619848,-0.6815043143619848,0
func3C,1015,keep,combination,1000,-0.7220907203773684,-0.722138239856765,-0.722138239856765,0
func3C,1015,keep,encoding,1000,-0.7221278034434739,-0.7221374591351565,-0.7221374591351565,0
func3C,1015,flip,combination,1000,-0.6970236998163615,-0.7078513370130314,-0.7078513370130314,0
func3C,1015,flip,encoding,1000,-0.7038686339886171,-0.7112408335175568,-0.7159657321009936,0
func3C,1015,random,combination,1000,-0.4535577161989558,-0.4535577161989558,-0.4535577161989558,0
func3C,1015,keep,combination,50,-0.6325753398945047,-0.722126564143361,-0.722126564143361,0
func3C,1015,keep,combination,200,-0.7213062564998264,-0.7221301218344267,-0.7221332228328561,0
func3C,1015,flip,combination,50,-0.315890161532012,-0.47924497235324776,-0.6072661559427148,0
func3C,1015,flip,combination,200,-0.5589021001938101,-0.66186472821466,-0.66186472821466,0
func3C,1016,keep,combination,1000,-0.7221280121763242,-0.7221364986340638,-0.7221392063258674,0
func3C,1016,keep,encoding,1000,-0.7221346080563911,-0.7221391928045153,-0.7221391928045153,0
func3C,1016,flip,combination,1000,-0.6612199299975228,-0.6803902493545966,-0.7019987279423587,0
func3C,1016,flip,encoding,1000,-0.5675015643479853,-0.6852914035174258,-0.716552575069769,0
func3C,1016,random,combination,1000,0.25714936131315086,0.18416799689432647,0.13265258362006316,0
func3C,1016,keep,combination,50,-0.6864185476286491,-0.7221354407055898,-0.7221354407055898,0
func3C,1016,keep,combination,200,-0.720356473223315,-0.7221109737374813,-0.7221316139385486,0
func3C,1016,flip,combination,50,-0.7100922260656467,-0.7100922260656467,-0.7113428781332162,0
func3C,1016,flip,combination,200,-0.705535467784283,-0.705535467784283,-0.705535467784283,0
func3C,1017,keep,combination,1000,-0.7221182099932213,-0.7221365906245829,-0.7221371340676868,0
func3C,1017,keep,encoding,1000,-0.722121439882322,-0.722138388963034,-0.722138388963034,0
func3C,1017,flip,combination,1000,-0.7065778668617748,-0.7065778668617748,-0.7112896847418779,0
func3C,1017,flip,encoding,1000,-0.6594315643154735,-0.6594315643154735,-0.6850092418369987,0
func3C,1017,random,combination,1000,0.2647207355372353,0.2647207355372353,-0.13639020592653794,0
func3C,1017,keep,combination,50,-0.20832517438689954,-0.721974696146465,-0.7221345411394615,0
func3C,1017,keep,combination,200,-0.721997193688602,-0.7221394373581763,-0.7221394373581763,0
func3C,1017,flip,combination,50,-0.3667289853240435,-0.6333306672843546,-0.6333306672843546,0
func3C,1017,flip,combination,200,-0.625570935303017,-0.6859014739007,-0.6859014739007,0
func3C,1018,keep,combination,1000,-0.7221326138166677,-0.7221380924293838,-0.722138300446478,0
func3C,1018,keep,encoding,1000,-0.7221332134167885,-0.7221386686770962,-0.7221386686770962,0
func3C,1018,flip,combination,1000,-0.6817431277258015,-0.6944423080259947,-0.7054411092933623,0
func3C,1018,flip,encoding,1000,-0.5382268477409906,-0.6888966165681614,-0.7215418367203001,0
func3C,1018,random,combination,1000,0.594808988851629,0.16817682190020297,0.0755258529650823,0
func3C,1018,keep,combination,50,-0.7196532456529428,-0.7221381273277487,-0.7221381907520721,0
func3C,1018,keep,combination,200,-0.716456092433762,-0.7221377091283684,-0.7221379384190819,0
func3C,1018,flip,combination,50,-0.310189061618215,-0.5215969615196449,-0.7120453409729104,0
func3C,1018,flip,combination,200,-0.6375440199985352,-0.6864271868168287,-0.6864271868168287,0
func3C,1019,keep,combination,1000,-0.722081823690652,-0.722134734041268,-0.7221397059311956,0
func3C,1019,keep,encoding,1000,-0.7221094911882817,-0.722137223082459,-0.7221387482907375,0
func3C,1019,flip,combination,1000,-0.5098083162379943,-0.7032693151434897,-0.7032693151434897,0
func3C,1019,flip,encoding,1000,-0.6573794699748156,-0.686609916142428,-0.7167359587269677,0
func3C,1019,random,combination,1000,-0.22731138139816381,-0.22731138139816381,-0.22731138139816381,0
func3C,1019,keep,combination,50,-0.7203553137401236,-0.722104034644658,-0.7221258202417945,0
func3C,1019,keep,combination,200,-0.7220949045699434,-0.7221390556000148,-0.7221390556000148,0
func3C,1019,flip,combination,50,-0.35073780538697474,-0.510928526394228,-0.5486638313701943,0
func3C,1019,flip,combination,200,-0.46241188476168016,-0.5908610507162886,-0.5908610507162886,0
func3C,1020,keep,combination,1000,-0.7221331925801904,-0.7221391836365204,-0.7221391836365204,0
func3C,1020,keep,encoding,1000,-0.7221244496044099,-0.7221385035407415,-0.7221387036851357,0
func3C,1020,flip,combination,1000,-0.7203918924761327,-0.7203918924761327,-0.7203918924761327,0
func3C,1020,flip,encoding,1000,-0.7152662862302734,-0.7152662862302734,-0.7152662862302734,0
func3C,1020,random,combination,1000,0.46540087148222276,0.4032257887363371,0.0024320483681519833,0
func3C,1020,keep,combination,50,-0.5925982757021879,-0.7218430775417902,-0.722136289389685,0
func3C,1020,keep,combination,200,-0.721762188619123,-0.722138427409871,-0.7221394937575173,0
func3C,1020,flip,combination,50,-0.5070549558057351,-0.5070549558057351,-0.5070549558057351,0
func3C,1020,flip,combination,200,-0.6868800665586601,-0.6868800665586601,-0.6894452360877544,0
func3C,1021,keep,combination,1000,-0.7221382786407798,-0.7221382786407798,-0.7221382786407798,0
func3C,1021,keep,encoding,1000,-0.7221283876274613,-0.7221389210663554,-0.7221389210663554,0
func3C,1021,flip,combination,1000,-0.5863876905021785,-0.7067943622992869,-0.7067943622992869,0
func3C,1021,flip,encoding,1000,-0.7175523809997996,-0.7175523809997996,-0.7175523809997996,0
func3C,1021,random,combination,1000,0.14704963512803346,0.14704963512803346,0.004301870558590708,0
func3C,1021,keep,combination,50,-0.717907950681858,-0.7219497234025617,-0.7221081464317591,0
func3C,1021,keep,combination,200,-0.707181717356539,-0.7221309104846618,-0.7221386136520198,0
func3C,1021,flip,combination,50,-0.303203462861635,-0.442782005124763,-0.5847422780508256,0
func3C,1021,flip,combination,200,-0.45845361584749994,-0.5431790857167318,-0.6181695368098757,0
func3C,1022,keep,combination,1000,-0.7221223264999234,-0.7221322470897943,-0.7221379180219,0
func3C,1022,keep,encoding,1000,-0.722103169567974,-0.7221393252981048,-0.7221393252981048,0
func3C,1022,flip,combination,1000,-0.6589214217512467,-0.6696746269608127,-0.7069066716054666,0
func3C,1022,flip,encoding,1000,-0.7182564238975113,-0.7182564238975113,-0.7182564238975113,0
func3C,1022,random,combination,1000,0.16287622452577272,0.16287622452577272,-0.1434630374594155,0
func3C,1022,keep,combination,50,-0.6766136949507333,-0.7220265470189191,-0.7220265470189191,0
func3C,1022,keep,combination,200,-0.7217965816832568,-0.7221303527586379,-0.7221366379161309,0
func3C,1022,flip,combination,50,-0.4011963899761579,-0.4692903904789291,-0.4692903904789291,0
func3C,1022,flip,combination,200,-0.5356761283971851,-0.5356761283971851,-0.5356761283971851,0
func3C,1023,keep,combination,1000,-0.7221378956360753,-0.7221378956360753,-0.7221378956360753,0
func3C,1023,keep,encoding,1000,-0.722107606484931,-0.7221335391520314,-0.7221379990773292,0
func3C,1023,flip,combination,1000,-0.6214437869529579,-0.7198003945723562,-0.7198003945723562,0
func3C,1023,flip,encoding,1000,-0.6925534320151729,-0.6971711449901372,-0.6971711449901372,0
func3C,1023,random,combination,1000,-0.12960308311326846,-0.323263660670062,-0.323263660670062,0
func3C,1023,keep,combination,50,0.03969431464118498,-0.7219806830038623,-0.722130295161455,0
func3C,1023,keep,combination,200,-0.7220305314179922,-0.7220684343969669,-0.7221316581193042,0
func3C,1023,flip,combination,50,-0.09286651504672837,-0.7188780064266171,-0.7188780064266171,0
func3C,1023,flip,combination,200,-0.6379591405242326,-0.6379591405242326,-0.7132139776496285,0
func3C,1024,keep,combination,1000,-0.7221371429318619,-0.7221371429318619,-0.7221398018939453,0
func3C,1024,keep,encoding,1000,-0.7221372827671254,-0.7221376016171047,-0.7221387303368518,0
func3C,1024,flip,combination,1000,-0.5199178774948335,-0.7170105281502198,-0.7170105281502198,0
func3C,1024,flip,encoding,1000,-0.6129482716268744,-0.6748711858861868,-0.6840680116520811,0
func3C,1024,random,combination,1000,-0.058593316455892094,-0.058593316455892094,-0.058593316455892094,0
func3C,1024,keep,combination,50,-0.7038413793568835,-0.7221359586680764,-0.7221359586680764,0
func3C,1024,keep,combination,200,-0.7220741873737091,-0.7221338908484181,-0.7221380889302078,0
func3C,1024,flip,combination,50,-0.6106859006409879,-0.6106859006409879,-0.6106859006409879,0
func3C,1024,flip,combination,200,-0.5767870350938735,-0.6613289738798652,-0.6892562567289221,0
func3C,1025,keep,combination,1000,-0.7221100008951448,-0.7221384020758362,-0.7221384020758362,0
func3C,1025,keep,encoding,1000,-0.722073984141111,-0.7221378401037015,-0.7221387459793016,0
func3C,1025,flip,combination,1000,-0.6917938992759274,-0.7174810918465767,-0.7174810918465767,0
func3C,1025,flip,encoding,1000,-0.7216588976654987,-0.7216588976654987,-0.7216588976654987,0
func3C,1025,random,combination,1000,0.3048257283382652,0.24031286233936716,-0.1607367865063562,0
func3C,1025,keep,combination,50,-0.6274033934386822,-0.7220948586589613,-0.7221343141145413,0
func3C,1025,keep,combination,200,-0.7220948564578316,-0.7221287868024457,-0.7221387620708732,0
func3C,1025,flip,combination,50,-0.43584364103188006,-0.6627749155039555,-0.6627749155039555,0
func3C,1025,flip,combination,200,-0.45717005149312445,-0.5656935400903944,-0.5996683584443335,0
cat_ackley_d3_L5,1001,keep,combination,1000,4.440892098500626e-16,4.440892098500626e-16,4.440892098500626e-16,0
cat_ackley_d3_L5,1001,keep,encoding,1000,4.440892098500626e-16,4.440892098500626e-16,4.440892098500626e-16,77
cat_ackley_d3_L5,1001,flip,combination,1000,4.440892098500626e-16,4.440892098500626e-16,4.440892098500626e-16,0
cat_ackley_d3_L5,1001,flip,encoding,1000,4.440892098500626e-16,4.440892098500626e-16,4.440892098500626e-16,77
cat_ackley_d3_L5,1001,random,combination,1000,18.18351393439618,18.18351393439618,18.18351393439618,0
cat_ackley_d3_L5,1002,keep,combination,1000,4.440892098500626e-16,4.440892098500626e-16,4.440892098500626e-16,0
cat_ackley_d3_L5,1002,keep,encoding,1000,4.440892098500626e-16,4.440892098500626e-16,4.440892098500626e-16,78
cat_ackley_d3_L5,1002,flip,combination,1000,4.440892098500626e-16,4.440892098500626e-16,4.440892098500626e-16,0
cat_ackley_d3_L5,1002,flip,encoding,1000,4.440892098500626e-16,4.440892098500626e-16,4.440892098500626e-16,77
cat_ackley_d3_L5,1002,random,combination,1000,20.492053317727446,18.18351393439618,4.440892098500626e-16,0
cat_ackley_d3_L5,1003,keep,combination,1000,4.440892098500626e-16,4.440892098500626e-16,4.440892098500626e-16,0
cat_ackley_d3_L5,1003,keep,encoding,1000,4.440892098500626e-16,4.440892098500626e-16,4.440892098500626e-16,78
cat_ackley_d3_L5,1003,flip,combination,1000,4.440892098500626e-16,4.440892098500626e-16,4.440892098500626e-16,0
cat_ackley_d3_L5,1003,flip,encoding,1000,4.440892098500626e-16,4.440892098500626e-16,4.440892098500626e-16,76
cat_ackley_d3_L5,1003,random,combination,1000,20.492053317727446,4.440892098500626e-16,4.440892098500626e-16,0
cat_ackley_d3_L5,1004,keep,combination,1000,4.440892098500626e-16,4.440892098500626e-16,4.440892098500626e-16,0
cat_ackley_d3_L5,1004,keep,encoding,1000,4.440892098500626e-16,4.440892098500626e-16,4.440892098500626e-16,79
cat_ackley_d3_L5,1004,flip,combination,1000,4.440892098500626e-16,4.440892098500626e-16,4.440892098500626e-16,0
cat_ackley_d3_L5,1004,flip,encoding,1000,4.440892098500626e-16,4.440892098500626e-16,4.440892098500626e-16,77
cat_ackley_d3_L5,1004,random,combination,1000,4.440892098500626e-16,4.440892098500626e-16,4.440892098500626e-16,0
cat_ackley_d3_L5,1005,keep,combination,1000,4.440892098500626e-16,4.440892098500626e-16,4.440892098500626e-16,0
cat_ackley_d3_L5,1005,keep,encoding,1000,4.440892098500626e-16,4.440892098500626e-16,4.440892098500626e-16,77
cat_ackley_d3_L5,1005,flip,combination,1000,4.440892098500626e-16,4.440892098500626e-16,4.440892098500626e-16,0
cat_ackley_d3_L5,1005,flip,encoding,1000,4.440892098500626e-16,4.440892098500626e-16,4.440892098500626e-16,77
cat_ackley_d3_L5,1005,random,combination,1000,18.18351393439618,18.18351393439618,18.18351393439618,0
cat_ackley_d3_L5,1006,keep,combination,1000,4.440892098500626e-16,4.440892098500626e-16,4.440892098500626e-16,0
cat_ackley_d3_L5,1006,keep,encoding,1000,4.440892098500626e-16,4.440892098500626e-16,4.440892098500626e-16,79
cat_ackley_d3_L5,1006,flip,combination,1000,4.440892098500626e-16,4.440892098500626e-16,4.440892098500626e-16,0
cat_ackley_d3_L5,1006,flip,encoding,1000,4.440892098500626e-16,4.440892098500626e-16,4.440892098500626e-16,79
cat_ackley_d3_L5,1006,random,combination,1000,4.440892098500626e-16,4.440892098500626e-16,4.440892098500626e-16,0
cat_ackley_d3_L5,1007,keep,combination,1000,4.440892098500626e-16,4.440892098500626e-16,4.440892098500626e-16,0
cat_ackley_d3_L5,1007,keep,encoding,1000,4.440892098500626e-16,4.440892098500626e-16,4.440892098500626e-16,79
cat_ackley_d3_L5,1007,flip,combination,1000,4.440892098500626e-16,4.440892098500626e-16,4.440892098500626e-16,0
cat_ackley_d3_L5,1007,flip,encoding,1000,4.440892098500626e-16,4.440892098500626e-16,4.440892098500626e-16,79
cat_ackley_d3_L5,1007,random,combination,1000,18.18351393439618,18.18351393439618,4.440892098500626e-16,0
cat_ackley_d3_L5,1008,keep,combination,1000,4.440892098500626e-16,4.440892098500626e-16,4.440892098500626e-16,0
cat_ackley_d3_L5,1008,keep,encoding,1000,4.440892098500626e-16,4.440892098500626e-16,4.440892098500626e-16,78
cat_ackley_d3_L5,1008,flip,combination,1000,4.440892098500626e-16,4.440892098500626e-16,4.440892098500626e-16,0
cat_ackley_d3_L5,1008,flip,encoding,1000,4.440892098500626e-16,4.440892098500626e-16,4.440892098500626e-16,78
cat_ackley_d3_L5,1008,random,combination,1000,20.241123007322035,20.241123007322035,18.18351393439618,0
cat_ackley_d3_L5,1009,keep,combination,1000,4.440892098500626e-16,4.440892098500626e-16,4.440892098500626e-16,0
cat_ackley_d3_L5,1009,keep,encoding,1000,4.440892098500626e-16,4.440892098500626e-16,4.440892098500626e-16,79
cat_ackley_d3_L5,1009,flip,combination,1000,4.440892098500626e-16,4.440892098500626e-16,4.440892098500626e-16,0
cat_ackley_d3_L5,1009,flip,encoding,1000,4.440892098500626e-16,4.440892098500626e-16,4.440892098500626e-16,79
cat_ackley_d3_L5,1009,random,combination,1000,20.492053317727446,4.440892098500626e-16,4.440892098500626e-16,0
cat_ackley_d3_L5,1010,keep,combination,1000,4.440892098500626e-16,4.440892098500626e-16,4.440892098500626e-16,0
cat_ackley_d3_L5,1010,keep,encoding,1000,4.440892098500626e-16,4.440892098500626e-16,4.440892098500626e-16,79
cat_ackley_d3_L5,1010,flip,combination,1000,4.440892098500626e-16,4.440892098500626e-16,4.440892098500626e-16,0
cat_ackley_d3_L5,1010,flip,encoding,1000,4.440892098500626e-16,4.440892098500626e-16,4.440892098500626e-16,79
cat_ackley_d3_L5,1010,random,combination,1000,18.18351393439618,4.440892098500626e-16,4.440892098500626e-16,0
cat_ackley_d3_L5,1011,keep,combination,1000,4.440892098500626e-16,4.440892098500626e-16,4.440892098500626e-16,0
cat_ackley_d3_L5,1011,keep,encoding,1000,4.440892098500626e-16,4.440892098500626e-16,4.440892098500626e-16,78
cat_ackley_d3_L5,1011,flip,combination,1000,4.440892098500626e-16,4.440892098500626e-16,4.440892098500626e-16,0
cat_ackley_d3_L5,1011,flip,encoding,1000,4.440892098500626e-16,4.440892098500626e-16,4.440892098500626e-16,78
cat_ackley_d3_L5,1011,random,combination,1000,4.440892098500626e-16,4.440892098500626e-16,4.440892098500626e-16,0
cat_ackley_d3_L5,1012,keep,combination,1000,4.440892098500626e-16,4.440892098500626e-16,4.440892098500626e-16,0
cat_ackley_d3_L5,1012,keep,encoding,1000,4.440892098500626e-16,4.440892098500626e-16,4.440892098500626e-16,77
cat_ackley_d3_L5,1012,flip,combination,1000,4.440892098500626e-16,4.440892098500626e-16,4.440892098500626e-16,0
cat_ackley_d3_L5,1012,flip,encoding,1000,4.440892098500626e-16,4.440892098500626e-16,4.440892098500626e-16,78
cat_ackley_d3_L5,1012,random,combination,1000,18.18351393439618,18.18351393439618,18.18351393439618,0
cat_ackley_d3_L5,1013,keep,combination,1000,4.440892098500626e-16,4.440892098500626e-16,4.440892098500626e-16,0
cat_ackley_d3_L5,1013,keep,encoding,1000,4.440892098500626e-16,4.440892098500626e-16,4.440892098500626e-16,77
cat_ackley_d3_L5,1013,flip,combination,1000,4.440892098500626e-16,4.440892098500626e-16,4.440892098500626e-16,0
cat_ackley_d3_L5,1013,flip,encoding,1000,4.440892098500626e-16,4.440892098500626e-16,4.440892098500626e-16,79
cat_ackley_d3_L5,1013,random,combination,1000,20.492053317727446,18.18351393439618,18.18351393439618,0
cat_ackley_d3_L5,1014,keep,combination,1000,4.440892098500626e-16,4.440892098500626e-16,4.440892098500626e-16,0
cat_ackley_d3_L5,1014,keep,encoding,1000,4.440892098500626e-16,4.440892098500626e-16,4.440892098500626e-16,78
cat_ackley_d3_L5,1014,flip,combination,1000,4.440892098500626e-16,4.440892098500626e-16,4.440892098500626e-16,0
cat_ackley_d3_L5,1014,flip,encoding,1000,4.440892098500626e-16,4.440892098500626e-16,4.440892098500626e-16,78
cat_ackley_d3_L5,1014,random,combination,1000,20.241123007322035,4.440892098500626e-16,4.440892098500626e-16,0
cat_ackley_d3_L5,1015,keep,combination,1000,4.440892098500626e-16,4.440892098500626e-16,4.440892098500626e-16,0
cat_ackley_d3_L5,1015,keep,encoding,1000,4.440892098500626e-16,4.440892098500626e-16,4.440892098500626e-16,79
cat_ackley_d3_L5,1015,flip,combination,1000,4.440892098500626e-16,4.440892098500626e-16,4.440892098500626e-16,0
cat_ackley_d3_L5,1015,flip,encoding,1000,4.440892098500626e-16,4.440892098500626e-16,4.440892098500626e-16,76
cat_ackley_d3_L5,1015,random,combination,1000,20.241123007322035,18.18351393439618,4.440892098500626e-16,0
cat_ackley_d3_L5,1016,keep,combination,1000,4.440892098500626e-16,4.440892098500626e-16,4.440892098500626e-16,0
cat_ackley_d3_L5,1016,keep,encoding,1000,4.440892098500626e-16,4.440892098500626e-16,4.440892098500626e-16,79
cat_ackley_d3_L5,1016,flip,combination,1000,4.440892098500626e-16,4.440892098500626e-16,4.440892098500626e-16,0
cat_ackley_d3_L5,1016,flip,encoding,1000,4.440892098500626e-16,4.440892098500626e-16,4.440892098500626e-16,76
cat_ackley_d3_L5,1016,random,combination,1000,18.18351393439618,18.18351393439618,18.18351393439618,0
cat_ackley_d3_L5,1017,keep,combination,1000,4.440892098500626e-16,4.440892098500626e-16,4.440892098500626e-16,0
cat_ackley_d3_L5,1017,keep,encoding,1000,4.440892098500626e-16,4.440892098500626e-16,4.440892098500626e-16,78
cat_ackley_d3_L5,1017,flip,combination,1000,4.440892098500626e-16,4.440892098500626e-16,4.440892098500626e-16,0
cat_ackley_d3_L5,1017,flip,encoding,1000,4.440892098500626e-16,4.440892098500626e-16,4.440892098500626e-16,77
cat_ackley_d3_L5,1017,random,combination,1000,18.18351393439618,18.18351393439618,18.18351393439618,0
cat_ackley_d3_L5,1018,keep,combination,1000,4.440892098500626e-16,4.440892098500626e-16,4.440892098500626e-16,0
cat_ackley_d3_L5,1018,keep,encoding,1000,4.440892098500626e-16,4.440892098500626e-16,4.440892098500626e-16,77
cat_ackley_d3_L5,1018,flip,combination,1000,4.440892098500626e-16,4.440892098500626e-16,4.440892098500626e-16,0
cat_ackley_d3_L5,1018,flip,encoding,1000,4.440892098500626e-16,4.440892098500626e-16,4.440892098500626e-16,78
cat_ackley_d3_L5,1018,random,combination,1000,20.241123007322035,4.440892098500626e-16,4.440892098500626e-16,0
cat_ackley_d3_L5,1019,keep,combination,1000,4.440892098500626e-16,4.440892098500626e-16,4.440892098500626e-16,0
cat_ackley_d3_L5,1019,keep,encoding,1000,4.440892098500626e-16,4.440892098500626e-16,4.440892098500626e-16,77
cat_ackley_d3_L5,1019,flip,combination,1000,4.440892098500626e-16,4.440892098500626e-16,4.440892098500626e-16,0
cat_ackley_d3_L5,1019,flip,encoding,1000,4.440892098500626e-16,4.440892098500626e-16,4.440892098500626e-16,78
cat_ackley_d3_L5,1019,random,combination,1000,20.241123007322035,4.440892098500626e-16,4.440892098500626e-16,0
cat_ackley_d3_L5,1020,keep,combination,1000,4.440892098500626e-16,4.440892098500626e-16,4.440892098500626e-16,0
cat_ackley_d3_L5,1020,keep,encoding,1000,4.440892098500626e-16,4.440892098500626e-16,4.440892098500626e-16,80
cat_ackley_d3_L5,1020,flip,combination,1000,4.440892098500626e-16,4.440892098500626e-16,4.440892098500626e-16,0
cat_ackley_d3_L5,1020,flip,encoding,1000,4.440892098500626e-16,4.440892098500626e-16,4.440892098500626e-16,79
cat_ackley_d3_L5,1020,random,combination,1000,4.440892098500626e-16,4.440892098500626e-16,4.440892098500626e-16,0
cat_ackley_d3_L5,1021,keep,combination,1000,4.440892098500626e-16,4.440892098500626e-16,4.440892098500626e-16,0
cat_ackley_d3_L5,1021,keep,encoding,1000,4.440892098500626e-16,4.440892098500626e-16,4.440892098500626e-16,78
cat_ackley_d3_L5,1021,flip,combination,1000,4.440892098500626e-16,4.440892098500626e-16,4.440892098500626e-16,0
cat_ackley_d3_L5,1021,flip,encoding,1000,4.440892098500626e-16,4.440892098500626e-16,4.440892098500626e-16,79
cat_ackley_d3_L5,1021,random,combination,1000,4.440892098500626e-16,4.440892098500626e-16,4.440892098500626e-16,0
cat_ackley_d3_L5,1022,keep,combination,1000,4.440892098500626e-16,4.440892098500626e-16,4.440892098500626e-16,0
cat_ackley_d3_L5,1022,keep,encoding,1000,4.440892098500626e-16,4.440892098500626e-16,4.440892098500626e-16,78
cat_ackley_d3_L5,1022,flip,combination,1000,4.440892098500626e-16,4.440892098500626e-16,4.440892098500626e-16,0
cat_ackley_d3_L5,1022,flip,encoding,1000,4.440892098500626e-16,4.440892098500626e-16,4.440892098500626e-16,78
cat_ackley_d3_L5,1022,random,combination,1000,18.18351393439618,18.18351393439618,4.440892098500626e-16,0
cat_ackley_d3_L5,1023,keep,combination,1000,4.440892098500626e-16,4.440892098500626e-16,4.440892098500626e-16,0
cat_ackley_d3_L5,1023,keep,encoding,1000,4.440892098500626e-16,4.440892098500626e-16,4.440892098500626e-16,76
cat_ackley_d3_L5,1023,flip,combination,1000,4.440892098500626e-16,4.440892098500626e-16,4.440892098500626e-16,0
cat_ackley_d3_L5,1023,flip,encoding,1000,4.440892098500626e-16,4.440892098500626e-16,4.440892098500626e-16,78
cat_ackley_d3_L5,1023,random,combination,1000,4.440892098500626e-16,4.440892098500626e-16,4.440892098500626e-16,0
cat_ackley_d3_L5,1024,keep,combination,1000,4.440892098500626e-16,4.440892098500626e-16,4.440892098500626e-16,0
cat_ackley_d3_L5,1024,keep,encoding,1000,4.440892098500626e-16,4.440892098500626e-16,4.440892098500626e-16,78
cat_ackley_d3_L5,1024,flip,combination,1000,4.440892098500626e-16,4.440892098500626e-16,4.440892098500626e-16,0
cat_ackley_d3_L5,1024,flip,encoding,1000,4.440892098500626e-16,4.440892098500626e-16,4.440892098500626e-16,79
cat_ackley_d3_L5,1024,random,combination,1000,18.18351393439618,4.440892098500626e-16,4.440892098500626e-16,0
cat_ackley_d3_L5,1025,keep,combination,1000,4.440892098500626e-16,4.440892098500626e-16,4.440892098500626e-16,0
cat_ackley_d3_L5,1025,keep,encoding,1000,4.440892098500626e-16,4.440892098500626e-16,4.440892098500626e-16,79
cat_ackley_d3_L5,1025,flip,combination,1000,4.440892098500626e-16,4.440892098500626e-16,4.440892098500626e-16,0
cat_ackley_d3_L5,1025,flip,encoding,1000,4.440892098500626e-16,4.440892098500626e-16,4.440892098500626e-16,78
cat_ackley_d3_L5,1025,random,combination,1000,20.492053317727446,18.18351393439618,4.440892098500626e-16,0
cat_ackley_d6_L11,1001,keep,combination,1000,4.440892098500626e-16,4.440892098500626e-16,4.440892098500626e-16,0
cat_ackley_d6_L11,1001,keep,encoding,1000,4.440892098500626e-16,4.440892098500626e-16,4.440892098500626e-16,2
cat_ackley_d6_L11,1001,flip,combination,1000,4.440892098500626e-16,4.440892098500626e-16,4.440892098500626e-16,0
cat_ackley_d6_L11,1001,flip,encoding,1000,4.440892098500626e-16,4.440892098500626e-16,4.440892098500626e-16,0
cat_ackley_d6_L11,1001,random,combination,1000,18.371399432243205,18.371399432243205,18.371399432243205,0
cat_ackley_d6_L11,1002,keep,combination,1000,4.440892098500626e-16,4.440892098500626e-16,4.440892098500626e-16,0
cat_ackley_d6_L11,1002,keep,encoding,1000,4.440892098500626e-16,4.440892098500626e-16,4.440892098500626e-16,0
cat_ackley_d6_L11,1002,flip,combination,1000,4.440892098500626e-16,4.440892098500626e-16,4.440892098500626e-16,0
cat_ackley_d6_L11,1002,flip,encoding,1000,4.440892098500626e-16,4.440892098500626e-16,4.440892098500626e-16,1
cat_ackley_d6_L11,1002,random,combination,1000,20.380938879483953,20.380938879483953,19.021061974992204,0
cat_ackley_d6_L11,1003,keep,combination,1000,4.440892098500626e-16,4.440892098500626e-16,4.440892098500626e-16,0
cat_ackley_d6_L11,1003,keep,encoding,1000,4.440892098500626e-16,4.440892098500626e-16,4.440892098500626e-16,1
cat_ackley_d6_L11,1003,flip,combination,1000,4.440892098500626e-16,4.440892098500626e-16,4.440892098500626e-16,0
cat_ackley_d6_L11,1003,flip,encoding,1000,4.440892098500626e-16,4.440892098500626e-16,4.440892098500626e-16,1
cat_ackley_d6_L11,1003,random,combination,1000,20.09515674387795,19.138433649884767,19.138433649884767,0
cat_ackley_d6_L11,1004,keep,combination,1000,4.440892098500626e-16,4.440892098500626e-16,4.440892098500626e-16,0
cat_ackley_d6_L11,1004,keep,encoding,1000,4.440892098500626e-16,4.440892098500626e-16,4.440892098500626e-16,1
cat_ackley_d6_L11,1004,flip,combination,1000,4.440892098500626e-16,4.440892098500626e-16,4.440892098500626e-16,0
cat_ackley_d6_L11,1004,flip,encoding,1000,4.440892098500626e-16,4.440892098500626e-16,4.440892098500626e-16,1
cat_ackley_d6_L11,1004,random,combination,1000,20.361220416298686,20.361220416298686,19.42319779651491,0
cat_ackley_d6_L11,1005,keep,combination,1000,4.440892098500626e-16,4.440892098500626e-16,4.440892098500626e-16,0
cat_ackley_d6_L11,1005,keep,encoding,1000,4.440892098500626e-16,4.440892098500626e-16,4.440892098500626e-16,0
cat_ackley_d6_L11,1005,flip,combination,1000,4.440892098500626e-16,4.440892098500626e-16,4.440892098500626e-16,0
cat_ackley_d6_L11,1005,flip,encoding,1000,4.440892098500626e-16,4.440892098500626e-16,4.440892098500626e-16,0
cat_ackley_d6_L11,1005,random,combination,1000,20.465228145728243,18.89331170158835,18.89331170158835,0
cat_ackley_d6_L11,1006,keep,combination,1000,4.440892098500626e-16,4.440892098500626e-16,4.440892098500626e-16,0
cat_ackley_d6_L11,1006,keep,encoding,1000,4.440892098500626e-16,4.440892098500626e-16,4.440892098500626e-16,2
cat_ackley_d6_L11,1006,flip,combination,1000,4.440892098500626e-16,4.440892098500626e-16,4.440892098500626e-16,0
cat_ackley_d6_L11,1006,flip,encoding,1000,4.440892098500626e-16,4.440892098500626e-16,4.440892098500626e-16,1
cat_ackley_d6_L11,1006,random,combination,1000,19.73516794440995,19.73516794440995,19.42319779651491,0
cat_ackley_d6_L11,1007,keep,combination,1000,4.440892098500626e-16,4.440892098500626e-16,4.440892098500626e-16,0
cat_ackley_d6_L11,1007,keep,encoding,1000,4.440892098500626e-16,4.440892098500626e-16,4.440892098500626e-16,2
cat_ackley_d6_L11,1007,flip,combination,1000,4.440892098500626e-16,4.440892098500626e-16,4.440892098500626e-16,0
cat_ackley_d6_L11,1007,flip,encoding,1000,4.440892098500626e-16,4.440892098500626e-16,4.440892098500626e-16,1
cat_ackley_d6_L11,1007,random,combination,1000,20.07362183654976,20.07362183654976,19.75282680300193,0
cat_ackley_d6_L11,1008,keep,combination,1000,4.440892098500626e-16,4.440892098500626e-16,4.440892098500626e-16,0
cat_ackley_d6_L11,1008,keep,encoding,1000,4.440892098500626e-16,4.440892098500626e-16,4.440892098500626e-16,1
cat_ackley_d6_L11,1008,flip,combination,1000,4.440892098500626e-16,4.440892098500626e-16,4.440892098500626e-16,0
cat_ackley_d6_L11,1008,flip,encoding,1000,4.440892098500626e-16,4.440892098500626e-16,4.440892098500626e-16,1
cat_ackley_d6_L11,1008,random,combination,1000,15.115597700429102,15.115597700429102,15.115597700429102,0
cat_ackley_d6_L11,1009,keep,combination,1000,4.440892098500626e-16,4.440892098500626e-16,4.440892098500626e-16,0
cat_ackley_d6_L11,1009,keep,encoding,1000,4.440892098500626e-16,4.440892098500626e-16,4.440892098500626e-16,2
cat_ackley_d6_L11,1009,flip,combination,1000,4.440892098500626e-16,4.440892098500626e-16,4.440892098500626e-16,0
cat_ackley_d6_L11,1009,flip,encoding,1000,4.440892098500626e-16,4.440892098500626e-16,4.440892098500626e-16,2
cat_ackley_d6_L11,1009,random,combination,1000,19.727085263650988,15.954600838478786,15.954600838478786,0
cat_ackley_d6_L11,1010,keep,combination,1000,4.440892098500626e-16,4.440892098500626e-16,4.440892098500626e-16,0
cat_ackley_d6_L11,1010,keep,encoding,1000,4.440892098500626e-16,4.440892098500626e-16,4.440892098500626e-16,0
cat_ackley_d6_L11,1010,flip,combination,1000,4.440892098500626e-16,4.440892098500626e-16,4.440892098500626e-16,0
cat_ackley_d6_L11,1010,flip,encoding,1000,4.440892098500626e-16,4.440892098500626e-16,4.440892098500626e-16,0
cat_ackley_d6_L11,1010,random,combination,1000,19.651836630544977,16.871636965186536,16.871636965186536,0
cat_ackley_d6_L11,1011,keep,combination,1000,4.440892098500626e-16,4.440892098500626e-16,4.440892098500626e-16,0
cat_ackley_d6_L11,1011,keep,encoding,1000,4.440892098500626e-16,4.440892098500626e-16,4.440892098500626e-16,1
cat_ackley_d6_L11,1011,flip,combination,1000,4.440892098500626e-16,4.440892098500626e-16,4.440892098500626e-16,0
cat_ackley_d6_L11,1011,flip,encoding,1000,4.440892098500626e-16,4.440892098500626e-16,4.440892098500626e-16,1
cat_ackley_d6_L11,1011,random,combination,1000,18.742517344170977,18.742517344170977,18.742517344170977,0
cat_ackley_d6_L11,1012,keep,combination,1000,4.440892098500626e-16,4.440892098500626e-16,4.440892098500626e-16,0
cat_ackley_d6_L11,1012,keep,encoding,1000,4.440892098500626e-16,4.440892098500626e-16,4.440892098500626e-16,0
cat_ackley_d6_L11,1012,flip,combination,1000,4.440892098500626e-16,4.440892098500626e-16,4.440892098500626e-16,0
cat_ackley_d6_L11,1012,flip,encoding,1000,4.440892098500626e-16,4.440892098500626e-16,4.440892098500626e-16,1
cat_ackley_d6_L11,1012,random,combination,1000,19.813763754867797,19.813763754867797,19.75282680300193,0
cat_ackley_d6_L11,1013,keep,combination,1000,4.440892098500626e-16,4.440892098500626e-16,4.440892098500626e-16,0
cat_ackley_d6_L11,1013,keep,encoding,1000,4.440892098500626e-16,4.440892098500626e-16,4.440892098500626e-16,3
cat_ackley_d6_L11,1013,flip,combination,1000,4.440892098500626e-16,4.440892098500626e-16,4.440892098500626e-16,0
cat_ackley_d6_L11,1013,flip,encoding,1000,4.440892098500626e-16,4.440892098500626e-16,4.440892098500626e-16,1
cat_ackley_d6_L11,1013,random,combination,1000,19.88827508850725,19.88827508850725,19.597817268585498,0
cat_ackley_d6_L11,1014,keep,combination,1000,4.440892098500626e-16,4.440892098500626e-16,4.440892098500626e-16,0
cat_ackley_d6_L11,1014,keep,encoding,1000,4.440892098500626e-16,4.440892098500626e-16,4.440892098500626e-16,1
cat_ackley_d6_L11,1014,flip,combination,1000,4.440892098500626e-16,4.440892098500626e-16,4.440892098500626e-16,0
cat_ackley_d6_L11,1014,flip,encoding,1000,4.440892098500626e-16,4.440892098500626e-16,4.440892098500626e-16,1
cat_ackley_d6_L11,1014,random,combination,1000,20.768672759275372,19.236332300498162,19.138433649884767,0
cat_ackley_d6_L11,1015,keep,combination,1000,4.440892098500626e-16,4.440892098500626e-16,4.440892098500626e-16,0
cat_ackley_d6_L11,1015,keep,encoding,1000,4.440892098500626e-16,4.440892098500626e-16,4.440892098500626e-16,0
cat_ackley_d6_L11,1015,flip,combination,1000,4.440892098500626e-16,4.440892098500626e-16,4.440892098500626e-16,0
cat_ackley_d6_L11,1015,flip,encoding,1000,4.440892098500626e-16,4.440892098500626e-16,4.440892098500626e-16,1
cat_ackley_d6_L11,1015,random,combination,1000,20.300556743540344,20.049110976035283,19.59712792141321,0
cat_ackley_d6_L11,1016,keep,combination,1000,4.440892098500626e-16,4.440892098500626e-16,4.440892098500626e-16,0
cat_ackley_d6_L11,1016,keep,encoding,1000,4.440892098500626e-16,4.440892098500626e-16,4.440892098500626e-16,1
cat_ackley_d6_L11,1016,flip,combination,1000,4.440892098500626e-16,4.440892098500626e-16,4.440892098500626e-16,0
cat_ackley_d6_L11,1016,flip,encoding,1000,4.440892098500626e-16,4.440892098500626e-16,4.440892098500626e-16,1
cat_ackley_d6_L11,1016,random,combination,1000,20.090269280941033,19.89500073812884,19.138433649884767,0
cat_ackley_d6_L11,1017,keep,combination,1000,4.440892098500626e-16,4.440892098500626e-16,4.440892098500626e-16,0
cat_ackley_d6_L11,1017,keep,encoding,1000,4.440892098500626e-16,4.440892098500626e-16,4.440892098500626e-16,1
cat_ackley_d6_L11,1017,flip,combination,1000,4.440892098500626e-16,4.440892098500626e-16,4.440892098500626e-16,0
cat_ackley_d6_L11,1017,flip,encoding,1000,4.440892098500626e-16,4.440892098500626e-16,4.440892098500626e-16,0
cat_ackley_d6_L11,1017,random,combination,1000,20.44137437318929,18.54872487829243,18.371399432243205,0
cat_ackley_d6_L11,1018,keep,combination,1000,4.440892098500626e-16,4.440892098500626e-16,4.440892098500626e-16,0
cat_ackley_d6_L11,1018,keep,encoding,1000,4.440892098500626e-16,4.440892098500626e-16,4.440892098500626e-16,2
cat_ackley_d6_L11,1018,flip,combination,1000,4.440892098500626e-16,4.440892098500626e-16,4.440892098500626e-16,0
cat_ackley_d6_L11,1018,flip,encoding,1000,4.440892098500626e-16,4.440892098500626e-16,4.440892098500626e-16,1
cat_ackley_d6_L11,1018,random,combination,1000,18.371399432243205,18.371399432243205,18.371399432243205,0
cat_ackley_d6_L11,1019,keep,combination,1000,4.440892098500626e-16,4.440892098500626e-16,4.440892098500626e-16,0
cat_ackley_d6_L11,1019,keep,encoding,1000,4.440892098500626e-16,4.440892098500626e-16,4.440892098500626e-16,0
cat_ackley_d6_L11,1019,flip,combination,1000,4.440892098500626e-16,4.440892098500626e-16,4.440892098500626e-16,0
cat_ackley_d6_L11,1019,flip,encoding,1000,4.440892098500626e-16,4.440892098500626e-16,4.440892098500626e-16,2
cat_ackley_d6_L11,1019,random,combination,1000,20.049110976035283,20.049110976035283,18.55803910364575,0
cat_ackley_d6_L11,1020,keep,combination,1000,4.440892098500626e-16,4.440892098500626e-16,4.440892098500626e-16,0
cat_ackley_d6_L11,1020,keep,encoding,1000,4.440892098500626e-16,4.440892098500626e-16,4.440892098500626e-16,0
cat_ackley_d6_L11,1020,flip,combination,1000,4.440892098500626e-16,4.440892098500626e-16,4.440892098500626e-16,0
cat_ackley_d6_L11,1020,flip,encoding,1000,4.440892098500626e-16,4.440892098500626e-16,4.440892098500626e-16,1
cat_ackley_d6_L11,1020,random,combination,1000,18.548724878292425,18.548724878292425,18.548724878292425,0
cat_ackley_d6_L11,1021,keep,combination,1000,4.440892098500626e-16,4.440892098500626e-16,4.440892098500626e-16,0
cat_ackley_d6_L11,1021,keep,encoding,1000,4.440892098500626e-16,4.440892098500626e-16,4.440892098500626e-16,0
cat_ackley_d6_L11,1021,flip,combination,1000,4.440892098500626e-16,4.440892098500626e-16,4.440892098500626e-16,0
cat_ackley_d6_L11,1021,flip,encoding,1000,4.440892098500626e-16,4.440892098500626e-16,4.440892098500626e-16,1
cat_ackley_d6_L11,1021,random,combination,1000,19.597817268585498,19.597817268585498,19.597817268585498,0
cat_ackley_d6_L11,1022,keep,combination,1000,4.440892098500626e-16,4.440892098500626e-16,4.440892098500626e-16,0
cat_ackley_d6_L11,1022,keep,encoding,1000,4.440892098500626e-16,4.440892098500626e-16,4.440892098500626e-16,0
cat_ackley_d6_L11,1022,flip,combination,1000,4.440892098500626e-16,4.440892098500626e-16,4.440892098500626e-16,0
cat_ackley_d6_L11,1022,flip,encoding,1000,4.440892098500626e-16,4.440892098500626e-16,4.440892098500626e-16,1
cat_ackley_d6_L11,1022,random,combination,1000,20.04911097603529,16.871636965186536,16.871636965186536,0
cat_ackley_d6_L11,1023,keep,combination,1000,4.440892098500626e-16,4.440892098500626e-16,4.440892098500626e-16,0
cat_ackley_d6_L11,1023,keep,encoding,1000,4.440892098500626e-16,4.440892098500626e-16,4.440892098500626e-16,0
cat_ackley_d6_L11,1023,flip,combination,1000,4.440892098500626e-16,4.440892098500626e-16,4.440892098500626e-16,0
cat_ackley_d6_L11,1023,flip,encoding,1000,4.440892098500626e-16,4.440892098500626e-16,4.440892098500626e-16,1
cat_ackley_d6_L11,1023,random,combination,1000,20.04911097603529,17.71359915426655,17.71359915426655,0
cat_ackley_d6_L11,1024,keep,combination,1000,4.440892098500626e-16,4.440892098500626e-16,4.440892098500626e-16,0
cat_ackley_d6_L11,1024,keep,encoding,1000,4.440892098500626e-16,4.440892098500626e-16,4.440892098500626e-16,0
cat_ackley_d6_L11,1024,flip,combination,1000,4.440892098500626e-16,4.440892098500626e-16,4.440892098500626e-16,0
cat_ackley_d6_L11,1024,flip,encoding,1000,4.440892098500626e-16,4.440892098500626e-16,4.440892098500626e-16,0
cat_ackley_d6_L11,1024,random,combination,1000,20.7439208001866,19.727085263650988,18.81640060080548,0
cat_ackley_d6_L11,1025,keep,combination,1000,4.440892098500626e-16,4.440892098500626e-16,4.440892098500626e-16,0
cat_ackley_d6_L11,1025,keep,encoding,1000,4.440892098500626e-16,4.440892098500626e-16,4.440892098500626e-16,0
cat_ackley_d6_L11,1025,flip,combination,1000,4.440892098500626e-16,4.440892098500626e-16,4.440892098500626e-16,0
cat_ackley_d6_L11,1025,flip,encoding,1000,4.440892098500626e-16,4.440892098500626e-16,4.440892098500626e-16,1
cat_ackley_d6_L11,1025,random,combination,1000,20.300556743540348,19.138433649884767,19.138433649884767,0
