objective,seed,arm,generator,sigma,n_cand,best_b80
func2C,1001,dial,keep,0.0,1000,-0.2063256354735569
func2C,1001,dial,keep,0.0,50,-0.20630877440212178
func2C,1001,dial,keep,1.0,1000,-0.20615686786833357
func2C,1001,dial,keep,1.0,50,-0.20523825288972555
func2C,1001,dial,keep,3.0,1000,-0.20266062099597923
func2C,1001,dial,keep,3.0,50,-0.20418722517538232
func2C,1001,dial,keep,10.0,1000,-0.19707677822907238
func2C,1001,dial,keep,10.0,50,-0.19815322388430373
func2C,1001,dial,keep,30.0,1000,-0.11295683444177626
func2C,1001,dial,keep,30.0,50,-0.16846871283179068
func2C,1001,dial,keep,100.0,1000,-0.07348035242334074
func2C,1001,dial,keep,100.0,50,-0.16354691681273056
func2C,1001,dial,flip,0.0,1000,-0.20598884354167563
func2C,1001,dial,flip,0.0,50,-0.1683154777370583
func2C,1001,dial,flip,1.0,1000,-0.08428428412377809
func2C,1001,dial,flip,1.0,50,-0.08994423000234611
func2C,1001,dial,flip,3.0,1000,-0.02527765403941027
func2C,1001,dial,flip,3.0,50,0.044144464005879264
func2C,1001,dial,flip,10.0,1000,0.002313992161832406
func2C,1001,dial,flip,10.0,50,-0.02838411872814537
func2C,1001,dial,flip,30.0,1000,-0.06063092165962034
func2C,1001,dial,flip,30.0,50,-0.03524209284687827
func2C,1001,dial,flip,100.0,1000,-0.1766894857204143
func2C,1001,dial,flip,100.0,50,-0.152622545583842
func2C,1001,tpe_shared,own,-1,-1,-0.20527130255575848
func2C,1002,dial,keep,0.0,1000,-0.20632560331701738
func2C,1002,dial,keep,0.0,50,-0.20631938172667202
func2C,1002,dial,keep,1.0,1000,-0.20631441285548907
func2C,1002,dial,keep,1.0,50,-0.024915508824437348
func2C,1002,dial,keep,3.0,1000,-0.09900675732128342
func2C,1002,dial,keep,3.0,50,-0.008414216340608243
func2C,1002,dial,keep,10.0,1000,0.002156901709207581
func2C,1002,dial,keep,10.0,50,0.038989050769248
func2C,1002,dial,keep,30.0,1000,-0.11350062924442254
func2C,1002,dial,keep,30.0,50,0.0060025713920366375
func2C,1002,dial,keep,100.0,1000,0.021183177355604314
func2C,1002,dial,keep,100.0,50,-0.007265133067158136
func2C,1002,dial,flip,0.0,1000,-0.2050288441239736
func2C,1002,dial,flip,0.0,50,-0.1825223068838433
func2C,1002,dial,flip,1.0,1000,-0.04885018316220663
func2C,1002,dial,flip,1.0,50,-0.04210246267213693
func2C,1002,dial,flip,3.0,1000,-0.09691259938405222
func2C,1002,dial,flip,3.0,50,-0.12004531551120023
func2C,1002,dial,flip,10.0,1000,-0.055116791208134674
func2C,1002,dial,flip,10.0,50,-0.04260810459134432
func2C,1002,dial,flip,30.0,1000,-0.04233014371924325
func2C,1002,dial,flip,30.0,50,-0.186480855384661
func2C,1002,dial,flip,100.0,1000,-0.0583676443533984
func2C,1002,dial,flip,100.0,50,-0.08264604573283038
func2C,1002,tpe_shared,own,-1,-1,-0.035726094065175885
func2C,1003,dial,keep,0.0,1000,-0.2063244090886666
func2C,1003,dial,keep,0.0,50,-0.206325447523031
func2C,1003,dial,keep,1.0,1000,-0.20043027509030736
func2C,1003,dial,keep,1.0,50,-0.20598764755737514
func2C,1003,dial,keep,3.0,1000,-0.12235346924640433
func2C,1003,dial,keep,3.0,50,-0.19616958106952467
func2C,1003,dial,keep,10.0,1000,-0.07594167316731135
func2C,1003,dial,keep,10.0,50,-0.19755445232619134
func2C,1003,dial,keep,30.0,1000,-0.13604841470449194
func2C,1003,dial,keep,30.0,50,-0.16841314965658583
func2C,1003,dial,keep,100.0,1000,-0.0779548088346168
func2C,1003,dial,keep,100.0,50,-0.0251931094121902
func2C,1003,dial,flip,0.0,1000,-0.20564878737226056
func2C,1003,dial,flip,0.0,50,-0.19995922593752366
func2C,1003,dial,flip,1.0,1000,-0.1205032238516007
func2C,1003,dial,flip,1.0,50,-0.00936706243838686
func2C,1003,dial,flip,3.0,1000,0.003789968918523916
func2C,1003,dial,flip,3.0,50,-0.12286039200118996
func2C,1003,dial,flip,10.0,1000,-0.18215258049797042
func2C,1003,dial,flip,10.0,50,-0.037223279242447685
func2C,1003,dial,flip,30.0,1000,-0.15781924039777745
func2C,1003,dial,flip,30.0,50,-0.17860161778264952
func2C,1003,dial,flip,100.0,1000,0.010222688998626831
func2C,1003,dial,flip,100.0,50,0.044877951622478596
func2C,1003,tpe_shared,own,-1,-1,-0.18871754729095835
func2C,1004,dial,keep,0.0,1000,-0.20632507486567345
func2C,1004,dial,keep,0.0,50,-0.20631495025540514
func2C,1004,dial,keep,1.0,1000,-0.20499182133468516
func2C,1004,dial,keep,1.0,50,-0.20499182133468516
func2C,1004,dial,keep,3.0,1000,-0.20499182133468516
func2C,1004,dial,keep,3.0,50,-0.20499182133468516
func2C,1004,dial,keep,10.0,1000,-0.20499182133468516
func2C,1004,dial,keep,10.0,50,-0.20499182133468516
func2C,1004,dial,keep,30.0,1000,-0.20499182133468516
func2C,1004,dial,keep,30.0,50,-0.20499182133468516
func2C,1004,dial,keep,100.0,1000,-0.20499182133468516
func2C,1004,dial,keep,100.0,50,-0.20499182133468516
func2C,1004,dial,flip,0.0,1000,-0.2061933163945215
func2C,1004,dial,flip,0.0,50,-0.20499182133468516
func2C,1004,dial,flip,1.0,1000,-0.20499182133468516
func2C,1004,dial,flip,1.0,50,-0.20499182133468516
func2C,1004,dial,flip,3.0,1000,-0.20499182133468516
func2C,1004,dial,flip,3.0,50,-0.20499182133468516
func2C,1004,dial,flip,10.0,1000,-0.20499182133468516
func2C,1004,dial,flip,10.0,50,-0.20499182133468516
func2C,1004,dial,flip,30.0,1000,-0.20499182133468516
func2C,1004,dial,flip,30.0,50,-0.20499182133468516
func2C,1004,dial,flip,100.0,1000,-0.20499182133468516
func2C,1004,dial,flip,100.0,50,-0.20499182133468516
func2C,1004,tpe_shared,own,-1,-1,-0.20499182133468516
func2C,1005,dial,keep,0.0,1000,-0.20632544990783988
func2C,1005,dial,keep,0.0,50,-0.20632422889214816
func2C,1005,dial,keep,1.0,1000,-0.20554529227142432
func2C,1005,dial,keep,1.0,50,-0.20273436928954572
func2C,1005,dial,keep,3.0,1000,-0.03826321703450497
func2C,1005,dial,keep,3.0,50,-0.1652928812796895
func2C,1005,dial,keep,10.0,1000,0.02095092658388759
func2C,1005,dial,keep,10.0,50,0.0008334824909276006
func2C,1005,dial,keep,30.0,1000,0.015974701798248815
func2C,1005,dial,keep,30.0,50,0.02311129138881713
func2C,1005,dial,keep,100.0,1000,-0.15009816003767795
func2C,1005,dial,keep,100.0,50,-0.050100962887815695
func2C,1005,dial,flip,0.0,1000,-0.20607223579171569
func2C,1005,dial,flip,0.0,50,-0.19809729902473627
func2C,1005,dial,flip,1.0,1000,-0.1936682345941769
func2C,1005,dial,flip,1.0,50,-0.1954942274025226
func2C,1005,dial,flip,3.0,1000,-0.07134954611593315
func2C,1005,dial,flip,3.0,50,-0.16357079459035898
func2C,1005,dial,flip,10.0,1000,-0.200635424701276
func2C,1005,dial,flip,10.0,50,0.019020893323748723
func2C,1005,dial,flip,30.0,1000,0.04069049151789896
func2C,1005,dial,flip,30.0,50,0.0166892224874474
func2C,1005,dial,flip,100.0,1000,0.12310801311383372
func2C,1005,dial,flip,100.0,50,-0.153196067161189
func2C,1005,tpe_shared,own,-1,-1,7.420344598202747e-05
func2C,1006,dial,keep,0.0,1000,-0.2063255483022231
func2C,1006,dial,keep,0.0,50,-0.206321618448346
func2C,1006,dial,keep,1.0,1000,-0.20627753765528797
func2C,1006,dial,keep,1.0,50,-0.2062408348777785
func2C,1006,dial,keep,3.0,1000,0.020985529975144277
func2C,1006,dial,keep,3.0,50,-0.14493339452224374
func2C,1006,dial,keep,10.0,1000,-0.2058453145216585
func2C,1006,dial,keep,10.0,50,0.02096079555695352
func2C,1006,dial,keep,30.0,1000,-0.19458915777868796
func2C,1006,dial,keep,30.0,50,0.005323050706378281
func2C,1006,dial,keep,100.0,1000,0.02297935916870477
func2C,1006,dial,keep,100.0,50,0.10197055428914452
func2C,1006,dial,flip,0.0,1000,-0.20498336510233658
func2C,1006,dial,flip,0.0,50,-0.19940779328372388
func2C,1006,dial,flip,1.0,1000,-0.17492631337322018
func2C,1006,dial,flip,1.0,50,-0.10882343032742288
func2C,1006,dial,flip,3.0,1000,-0.031086267483790658
func2C,1006,dial,flip,3.0,50,0.024468988243552075
func2C,1006,dial,flip,10.0,1000,0.04515265959734581
func2C,1006,dial,flip,10.0,50,0.044658112856375866
func2C,1006,dial,flip,30.0,1000,-0.12706776590900568
func2C,1006,dial,flip,30.0,50,-0.18673060337078934
func2C,1006,dial,flip,100.0,1000,-0.14565159040977035
func2C,1006,dial,flip,100.0,50,-0.13520147996013185
func2C,1006,tpe_shared,own,-1,-1,0.02379603808769197
func2C,1007,dial,keep,0.0,1000,-0.20632481835664912
func2C,1007,dial,keep,0.0,50,-0.20631926440665188
func2C,1007,dial,keep,1.0,1000,-0.20622110332969715
func2C,1007,dial,keep,1.0,50,-0.20573447511089665
func2C,1007,dial,keep,3.0,1000,-0.20489497628270645
func2C,1007,dial,keep,3.0,50,-0.20509663102255482
func2C,1007,dial,keep,10.0,1000,-0.005073626064916542
func2C,1007,dial,keep,10.0,50,-0.1708283641910096
func2C,1007,dial,keep,30.0,1000,-0.1530166115983277
func2C,1007,dial,keep,30.0,50,-0.02397127878387051
func2C,1007,dial,keep,100.0,1000,-0.17207705728472822
func2C,1007,dial,keep,100.0,50,-0.20459695932415553
func2C,1007,dial,flip,0.0,1000,-0.20577640081023177
func2C,1007,dial,flip,0.0,50,-0.19546271794007636
func2C,1007,dial,flip,1.0,1000,-0.16670429769268397
func2C,1007,dial,flip,1.0,50,-0.017589656456868306
func2C,1007,dial,flip,3.0,1000,-0.10129538904967812
func2C,1007,dial,flip,3.0,50,-0.11508822276748687
func2C,1007,dial,flip,10.0,1000,-0.00923438039340994
func2C,1007,dial,flip,10.0,50,-0.008902641068134765
func2C,1007,dial,flip,30.0,1000,-0.07246349319731704
func2C,1007,dial,flip,30.0,50,-0.14897768097813482
func2C,1007,dial,flip,100.0,1000,-0.0029686975979631935
func2C,1007,dial,flip,100.0,50,0.0026270619956412443
func2C,1007,tpe_shared,own,-1,-1,-0.19974291273553854
func2C,1008,dial,keep,0.0,1000,-0.20632568431555107
func2C,1008,dial,keep,0.0,50,-0.20632455093454719
func2C,1008,dial,keep,1.0,1000,-0.18044201747934305
func2C,1008,dial,keep,1.0,50,-0.20558911027364757
func2C,1008,dial,keep,3.0,1000,-0.1887838568236257
func2C,1008,dial,keep,3.0,50,-0.14153894500990574
func2C,1008,dial,keep,10.0,1000,0.006010865068151976
func2C,1008,dial,keep,10.0,50,0.04306114645713227
func2C,1008,dial,keep,30.0,1000,-0.033106567084335195
func2C,1008,dial,keep,30.0,50,-0.17553802998850424
func2C,1008,dial,keep,100.0,1000,-0.16529222785673442
func2C,1008,dial,keep,100.0,50,-0.029396920542359418
func2C,1008,dial,flip,0.0,1000,-0.20533925837157213
func2C,1008,dial,flip,0.0,50,-0.1739573867737808
func2C,1008,dial,flip,1.0,1000,-0.051210160303069886
func2C,1008,dial,flip,1.0,50,-0.146984171190412
func2C,1008,dial,flip,3.0,1000,0.000862348455009694
func2C,1008,dial,flip,3.0,50,-0.1396897737738543
func2C,1008,dial,flip,10.0,1000,0.009307517657722073
func2C,1008,dial,flip,10.0,50,0.03991869053756074
func2C,1008,dial,flip,30.0,1000,-0.18132059723614652
func2C,1008,dial,flip,30.0,50,0.002662444027730321
func2C,1008,dial,flip,100.0,1000,-0.006255862746899492
func2C,1008,dial,flip,100.0,50,0.008976022836433437
func2C,1008,tpe_shared,own,-1,-1,-0.2019783965254402
func2C,1009,dial,keep,0.0,1000,-0.20632560380380763
func2C,1009,dial,keep,0.0,50,-0.20631421212453213
func2C,1009,dial,keep,1.0,1000,-0.1037128515571781
func2C,1009,dial,keep,1.0,50,0.0009586918697283116
func2C,1009,dial,keep,3.0,1000,-0.2046875907297176
func2C,1009,dial,keep,3.0,50,-0.10972001735045209
func2C,1009,dial,keep,10.0,1000,-0.07028855364240831
func2C,1009,dial,keep,10.0,50,-0.07001436117423121
func2C,1009,dial,keep,30.0,1000,-0.09927677244635125
func2C,1009,dial,keep,30.0,50,0.011885506714328689
func2C,1009,dial,keep,100.0,1000,0.0016088006892384023
func2C,1009,dial,keep,100.0,50,-0.18105181744882975
func2C,1009,dial,flip,0.0,1000,-0.20551326452490812
func2C,1009,dial,flip,0.0,50,-0.19201440526744543
func2C,1009,dial,flip,1.0,1000,-0.03795536201622957
func2C,1009,dial,flip,1.0,50,-0.1147913794333995
func2C,1009,dial,flip,3.0,1000,0.0033344109215368177
func2C,1009,dial,flip,3.0,50,-0.11904547412194122
func2C,1009,dial,flip,10.0,1000,-0.10577193311608175
func2C,1009,dial,flip,10.0,50,-0.11402626745815896
func2C,1009,dial,flip,30.0,1000,-0.1405709530484569
func2C,1009,dial,flip,30.0,50,0.033823107809827314
func2C,1009,dial,flip,100.0,1000,-0.042424150402091756
func2C,1009,dial,flip,100.0,50,-0.08856014220383455
func2C,1009,tpe_shared,own,-1,-1,-0.057255618369067764
func2C,1010,dial,keep,0.0,1000,-0.20632454257467722
func2C,1010,dial,keep,0.0,50,-0.20632227324043387
func2C,1010,dial,keep,1.0,1000,-0.197903600988224
func2C,1010,dial,keep,1.0,50,-0.20492093643406933
func2C,1010,dial,keep,3.0,1000,-0.16400951886357518
func2C,1010,dial,keep,3.0,50,-0.07108347059075619
func2C,1010,dial,keep,10.0,1000,0.02136528820984794
func2C,1010,dial,keep,10.0,50,0.02093526847123138
func2C,1010,dial,keep,30.0,1000,-0.07590433534140653
func2C,1010,dial,keep,30.0,50,-0.2056510233314471
func2C,1010,dial,keep,100.0,1000,0.0235305650972768
func2C,1010,dial,keep,100.0,50,-0.18560420461958993
func2C,1010,dial,flip,0.0,1000,-0.20618901974025589
func2C,1010,dial,flip,0.0,50,-0.2008081472793754
func2C,1010,dial,flip,1.0,1000,-0.08410272833964974
func2C,1010,dial,flip,1.0,50,0.0007939155365877323
func2C,1010,dial,flip,3.0,1000,-0.10572129834308205
func2C,1010,dial,flip,3.0,50,-0.1396360876116361
func2C,1010,dial,flip,10.0,1000,0.020277498736489794
func2C,1010,dial,flip,10.0,50,0.01237289889433686
func2C,1010,dial,flip,30.0,1000,0.012569681354578683
func2C,1010,dial,flip,30.0,50,-0.10977663887425493
func2C,1010,dial,flip,100.0,1000,0.05430044418498854
func2C,1010,dial,flip,100.0,50,0.004347903425900412
func2C,1010,tpe_shared,own,-1,-1,-0.2039449401863897
func2C,1011,dial,keep,0.0,1000,-0.20632542180939675
func2C,1011,dial,keep,0.0,50,-0.2063249023186906
func2C,1011,dial,keep,1.0,1000,-0.2062949551663281
func2C,1011,dial,keep,1.0,50,-0.20632235569511165
func2C,1011,dial,keep,3.0,1000,-0.2033808216445338
func2C,1011,dial,keep,3.0,50,-0.205624668115429
func2C,1011,dial,keep,10.0,1000,-0.1529116567927834
func2C,1011,dial,keep,10.0,50,-0.18469356178753177
func2C,1011,dial,keep,30.0,1000,-0.1529116567927834
func2C,1011,dial,keep,30.0,50,-0.1529116567927834
func2C,1011,dial,keep,100.0,1000,-0.1529116567927834
func2C,1011,dial,keep,100.0,50,-0.18763728173323607
func2C,1011,dial,flip,0.0,1000,-0.20440861966701435
func2C,1011,dial,flip,0.0,50,-0.1809397627934482
func2C,1011,dial,flip,1.0,1000,-0.1529116567927834
func2C,1011,dial,flip,1.0,50,-0.1529116567927834
func2C,1011,dial,flip,3.0,1000,-0.18656291308145204
func2C,1011,dial,flip,3.0,50,-0.1529116567927834
func2C,1011,dial,flip,10.0,1000,-0.1529116567927834
func2C,1011,dial,flip,10.0,50,-0.1529116567927834
func2C,1011,dial,flip,30.0,1000,-0.1529116567927834
func2C,1011,dial,flip,30.0,50,-0.1529116567927834
func2C,1011,dial,flip,100.0,1000,-0.1529116567927834
func2C,1011,dial,flip,100.0,50,-0.1529116567927834
func2C,1011,tpe_shared,own,-1,-1,-0.20524255921292464
func2C,1012,dial,keep,0.0,1000,-0.20632539644293976
func2C,1012,dial,keep,0.0,50,-0.20632475742314624
func2C,1012,dial,keep,1.0,1000,-0.19527970385405974
func2C,1012,dial,keep,1.0,50,0.020956366201412197
func2C,1012,dial,keep,3.0,1000,-0.1465043131515957
func2C,1012,dial,keep,3.0,50,-0.095383071722077
func2C,1012,dial,keep,10.0,1000,-0.18377640119465868
func2C,1012,dial,keep,10.0,50,0.023282607957099834
func2C,1012,dial,keep,30.0,1000,0.04816783229814673
func2C,1012,dial,keep,30.0,50,-0.18796154016456382
func2C,1012,dial,keep,100.0,1000,-0.1973990848487573
func2C,1012,dial,keep,100.0,50,-0.06793769736924171
func2C,1012,dial,flip,0.0,1000,-0.20590995136990992
func2C,1012,dial,flip,0.0,50,-0.18470011420056182
func2C,1012,dial,flip,1.0,1000,-0.1364565396561615
func2C,1012,dial,flip,1.0,50,-0.07463000735047494
func2C,1012,dial,flip,3.0,1000,-0.18373637900352918
func2C,1012,dial,flip,3.0,50,-0.18680015346631507
func2C,1012,dial,flip,10.0,1000,-0.09311673065469575
func2C,1012,dial,flip,10.0,50,-0.015908401542955967
func2C,1012,dial,flip,30.0,1000,-0.13712220444761092
func2C,1012,dial,flip,30.0,50,-0.026099301270147167
func2C,1012,dial,flip,100.0,1000,-0.18563051228654265
func2C,1012,dial,flip,100.0,50,0.03872902021811002
func2C,1012,tpe_shared,own,-1,-1,0.02109956253374192
func2C,1013,dial,keep,0.0,1000,-0.20632560680409712
func2C,1013,dial,keep,0.0,50,-0.20630528348642177
func2C,1013,dial,keep,1.0,1000,-0.20492375264611265
func2C,1013,dial,keep,1.0,50,-0.1974168234470298
func2C,1013,dial,keep,3.0,1000,-0.1887312910991617
func2C,1013,dial,keep,3.0,50,-0.16265517915246874
func2C,1013,dial,keep,10.0,1000,-0.17386535021018554
func2C,1013,dial,keep,10.0,50,-0.16335873571875936
func2C,1013,dial,keep,30.0,1000,0.011499098795587947
func2C,1013,dial,keep,30.0,50,0.002385353694487259
func2C,1013,dial,keep,100.0,1000,-0.13128123297169952
func2C,1013,dial,keep,100.0,50,-0.03540258594948016
func2C,1013,dial,flip,0.0,1000,-0.20616042217295055
func2C,1013,dial,flip,0.0,50,-0.20226199075732657
func2C,1013,dial,flip,1.0,1000,-0.18954464013775876
func2C,1013,dial,flip,1.0,50,-0.0656421613472797
func2C,1013,dial,flip,3.0,1000,-0.14637498835802681
func2C,1013,dial,flip,3.0,50,0.024816653821419853
func2C,1013,dial,flip,10.0,1000,-0.14672751980769766
func2C,1013,dial,flip,10.0,50,-0.16664337506685872
func2C,1013,dial,flip,30.0,1000,-0.11724055694765774
func2C,1013,dial,flip,30.0,50,-0.18044595178980238
func2C,1013,dial,flip,100.0,1000,-0.1971716966801285
func2C,1013,dial,flip,100.0,50,0.025934775486263707
func2C,1013,tpe_shared,own,-1,-1,-0.2045257709587855
func2C,1014,dial,keep,0.0,1000,-0.20632547979984106
func2C,1014,dial,keep,0.0,50,-0.20631805009324697
func2C,1014,dial,keep,1.0,1000,-0.20531294543407178
func2C,1014,dial,keep,1.0,50,-0.1918734046483992
func2C,1014,dial,keep,3.0,1000,-0.2044251982592938
func2C,1014,dial,keep,3.0,50,0.0035090672799856612
func2C,1014,dial,keep,10.0,1000,0.058223039570764266
func2C,1014,dial,keep,10.0,50,0.0027315513664719487
func2C,1014,dial,keep,30.0,1000,0.002373511972041731
func2C,1014,dial,keep,30.0,50,-0.19791823554143978
func2C,1014,dial,keep,100.0,1000,-0.14524674624274128
func2C,1014,dial,keep,100.0,50,-0.18482516766110474
func2C,1014,dial,flip,0.0,1000,-0.20598889036996731
func2C,1014,dial,flip,0.0,50,-0.1912258999538318
func2C,1014,dial,flip,1.0,1000,-0.1602806518889245
func2C,1014,dial,flip,1.0,50,-0.03822958302449535
func2C,1014,dial,flip,3.0,1000,-0.1419026309372577
func2C,1014,dial,flip,3.0,50,-0.0012293677749749712
func2C,1014,dial,flip,10.0,1000,-0.15216112952934277
func2C,1014,dial,flip,10.0,50,-0.12138748077142603
func2C,1014,dial,flip,30.0,1000,0.0018328505716808151
func2C,1014,dial,flip,30.0,50,-0.05629674875507377
func2C,1014,dial,flip,100.0,1000,0.00817361257576446
func2C,1014,dial,flip,100.0,50,-0.09997654350298416
func2C,1014,tpe_shared,own,-1,-1,-0.20187641720260766
func2C,1015,dial,keep,0.0,1000,-0.20632440080903303
func2C,1015,dial,keep,0.0,50,-0.20631713166488433
func2C,1015,dial,keep,1.0,1000,-0.20608536012770484
func2C,1015,dial,keep,1.0,50,-0.20461364709201138
func2C,1015,dial,keep,3.0,1000,-0.18331956339597505
func2C,1015,dial,keep,3.0,50,-0.19994624236379602
func2C,1015,dial,keep,10.0,1000,-0.16277385681693946
func2C,1015,dial,keep,10.0,50,0.0020417481180343353
func2C,1015,dial,keep,30.0,1000,0.002120171469224077
func2C,1015,dial,keep,30.0,50,-0.16586876613552
func2C,1015,dial,keep,100.0,1000,-0.10272003202647402
func2C,1015,dial,keep,100.0,50,-0.16285831100706838
func2C,1015,dial,flip,0.0,1000,-0.205644576118769
func2C,1015,dial,flip,0.0,50,-0.2012403256174394
func2C,1015,dial,flip,1.0,1000,-0.037020512624516735
func2C,1015,dial,flip,1.0,50,-0.10559558360328072
func2C,1015,dial,flip,3.0,1000,-0.1952955532944726
func2C,1015,dial,flip,3.0,50,-0.15027016080228667
func2C,1015,dial,flip,10.0,1000,0.001193739635224303
func2C,1015,dial,flip,10.0,50,0.0013171384048761444
func2C,1015,dial,flip,30.0,1000,-0.15168190457331648
func2C,1015,dial,flip,30.0,50,0.03239718563400516
func2C,1015,dial,flip,100.0,1000,-0.12138828333261738
func2C,1015,dial,flip,100.0,50,0.06382357981433379
func2C,1015,tpe_shared,own,-1,-1,-0.20587301906456706
func2C,1016,dial,keep,0.0,1000,-0.20632543225010253
func2C,1016,dial,keep,0.0,50,-0.20631489440376663
func2C,1016,dial,keep,1.0,1000,-0.20587729977644992
func2C,1016,dial,keep,1.0,50,-0.20622327169672533
func2C,1016,dial,keep,3.0,1000,-0.17732642700898765
func2C,1016,dial,keep,3.0,50,1.3103827287017626e-05
func2C,1016,dial,keep,10.0,1000,0.004764038719460361
func2C,1016,dial,keep,10.0,50,0.005432991556480395
func2C,1016,dial,keep,30.0,1000,0.023623997998223564
func2C,1016,dial,keep,30.0,50,-0.10691660734509145
func2C,1016,dial,keep,100.0,1000,0.0036588317190748565
func2C,1016,dial,keep,100.0,50,-0.08584573565242534
func2C,1016,dial,flip,0.0,1000,-0.2049982195241901
func2C,1016,dial,flip,0.0,50,-0.16874788911821564
func2C,1016,dial,flip,1.0,1000,-0.12332088757396217
func2C,1016,dial,flip,1.0,50,0.017877295332996646
func2C,1016,dial,flip,3.0,1000,-0.004437726353689786
func2C,1016,dial,flip,3.0,50,-0.05635289845556102
func2C,1016,dial,flip,10.0,1000,0.019411785289204543
func2C,1016,dial,flip,10.0,50,0.002661567423259756
func2C,1016,dial,flip,30.0,1000,0.09039419730883574
func2C,1016,dial,flip,30.0,50,-0.011980998746773712
func2C,1016,dial,flip,100.0,1000,0.04583485134469181
func2C,1016,dial,flip,100.0,50,0.004373573128188579
func2C,1016,tpe_shared,own,-1,-1,-0.14418530010346375
func2C,1017,dial,keep,0.0,1000,-0.2063256901957772
func2C,1017,dial,keep,0.0,50,-0.20632447935131243
func2C,1017,dial,keep,1.0,1000,0.0012830312092334754
func2C,1017,dial,keep,1.0,50,-0.1874040392369229
func2C,1017,dial,keep,3.0,1000,0.0008687976504267551
func2C,1017,dial,keep,3.0,50,-0.20588304246563355
func2C,1017,dial,keep,10.0,1000,-0.20579998428850227
func2C,1017,dial,keep,10.0,50,-0.14567913754903739
func2C,1017,dial,keep,30.0,1000,0.01199841656448905
func2C,1017,dial,keep,30.0,50,-0.02945469440633266
func2C,1017,dial,keep,100.0,1000,0.0034577417419595627
func2C,1017,dial,keep,100.0,50,0.011006589360738601
func2C,1017,dial,flip,0.0,1000,-0.2052459289192155
func2C,1017,dial,flip,0.0,50,-0.1882382988547532
func2C,1017,dial,flip,1.0,1000,-0.004334530131354231
func2C,1017,dial,flip,1.0,50,-0.036863242217305026
func2C,1017,dial,flip,3.0,1000,-0.0536411392531476
func2C,1017,dial,flip,3.0,50,-0.03327155997292238
func2C,1017,dial,flip,10.0,1000,0.012292771952351298
func2C,1017,dial,flip,10.0,50,-0.1768822349641756
func2C,1017,dial,flip,30.0,1000,0.011238355147881164
func2C,1017,dial,flip,30.0,50,-0.03680554321234082
func2C,1017,dial,flip,100.0,1000,-0.08089505273690611
func2C,1017,dial,flip,100.0,50,0.012907869513487807
func2C,1017,tpe_shared,own,-1,-1,0.0009412868475078551
func2C,1018,dial,keep,0.0,1000,-0.20632565275111264
func2C,1018,dial,keep,0.0,50,-0.20632028162478896
func2C,1018,dial,keep,1.0,1000,-0.20320004435925804
func2C,1018,dial,keep,1.0,50,-0.2046198070939267
func2C,1018,dial,keep,3.0,1000,-0.20106041268086283
func2C,1018,dial,keep,3.0,50,-0.19509286969516448
func2C,1018,dial,keep,10.0,1000,-0.17726128834951155
func2C,1018,dial,keep,10.0,50,-0.18733360422545758
func2C,1018,dial,keep,30.0,1000,-0.13056524505830788
func2C,1018,dial,keep,30.0,50,-0.18848725632635968
func2C,1018,dial,keep,100.0,1000,-0.13056524505830788
func2C,1018,dial,keep,100.0,50,-0.13111141688701466
func2C,1018,dial,flip,0.0,1000,-0.20433442716614786
func2C,1018,dial,flip,0.0,50,-0.20019010853904176
func2C,1018,dial,flip,1.0,1000,-0.1308048384179327
func2C,1018,dial,flip,1.0,50,-0.1746102521498402
func2C,1018,dial,flip,3.0,1000,-0.13056524505830788
func2C,1018,dial,flip,3.0,50,-0.13056524505830788
func2C,1018,dial,flip,10.0,1000,-0.1859055040939082
func2C,1018,dial,flip,10.0,50,-0.13056524505830788
func2C,1018,dial,flip,30.0,1000,-0.17543120131615259
func2C,1018,dial,flip,30.0,50,-0.13056524505830788
func2C,1018,dial,flip,100.0,1000,-0.13056524505830788
func2C,1018,dial,flip,100.0,50,-0.13056524505830788
func2C,1018,tpe_shared,own,-1,-1,-0.20205867315804732
func2C,1019,dial,keep,0.0,1000,-0.20632535578657468
func2C,1019,dial,keep,0.0,50,-0.20631656466305315
func2C,1019,dial,keep,1.0,1000,-0.20419958059277077
func2C,1019,dial,keep,1.0,50,-0.20530712398535425
func2C,1019,dial,keep,3.0,1000,0.0006204614485389492
func2C,1019,dial,keep,3.0,50,0.021006746195332125
func2C,1019,dial,keep,10.0,1000,-0.17256128315595515
func2C,1019,dial,keep,10.0,50,0.010284723864265898
func2C,1019,dial,keep,30.0,1000,-0.11734682967668304
func2C,1019,dial,keep,30.0,50,0.016356221137658434
func2C,1019,dial,keep,100.0,1000,-0.15931009476799815
func2C,1019,dial,keep,100.0,50,-0.011602351676375754
func2C,1019,dial,flip,0.0,1000,-0.2062285314875095
func2C,1019,dial,flip,0.0,50,-0.19013386885443734
func2C,1019,dial,flip,1.0,1000,-0.18157145709258163
func2C,1019,dial,flip,1.0,50,-0.13162981910433075
func2C,1019,dial,flip,3.0,1000,0.0057128435258927465
func2C,1019,dial,flip,3.0,50,0.02958667533863114
func2C,1019,dial,flip,10.0,1000,-0.04212383177276704
func2C,1019,dial,flip,10.0,50,-0.09511958538345715
func2C,1019,dial,flip,30.0,1000,-0.18550313452841624
func2C,1019,dial,flip,30.0,50,0.0011485874394638357
func2C,1019,dial,flip,100.0,1000,-0.03323354950862066
func2C,1019,dial,flip,100.0,50,-0.1792574751052015
func2C,1019,tpe_shared,own,-1,-1,0.02449375332751305
func2C,1020,dial,keep,0.0,1000,-0.20632536779045857
func2C,1020,dial,keep,0.0,50,-0.20632049777189948
func2C,1020,dial,keep,1.0,1000,-0.2062510893495395
func2C,1020,dial,keep,1.0,50,-0.2061935778289433
func2C,1020,dial,keep,3.0,1000,-0.20595824296640006
func2C,1020,dial,keep,3.0,50,-0.20337611223354585
func2C,1020,dial,keep,10.0,1000,-0.11955004607395976
func2C,1020,dial,keep,10.0,50,0.02095402476017944
func2C,1020,dial,keep,30.0,1000,-0.20529687739188698
func2C,1020,dial,keep,30.0,50,-0.1668026090268794
func2C,1020,dial,keep,100.0,1000,0.023965721921215714
func2C,1020,dial,keep,100.0,50,0.03243316945485158
func2C,1020,dial,flip,0.0,1000,-0.20547098694533167
func2C,1020,dial,flip,0.0,50,-0.19039149637066982
func2C,1020,dial,flip,1.0,1000,-0.19240475331874177
func2C,1020,dial,flip,1.0,50,-0.0029297306005348286
func2C,1020,dial,flip,3.0,1000,-0.0483298595361807
func2C,1020,dial,flip,3.0,50,-0.17867221056668442
func2C,1020,dial,flip,10.0,1000,-0.008883862156945144
func2C,1020,dial,flip,10.0,50,-0.10838114176433544
func2C,1020,dial,flip,30.0,1000,0.0010015387745094771
func2C,1020,dial,flip,30.0,50,-0.11777615473969458
func2C,1020,dial,flip,100.0,1000,0.09950794543707309
func2C,1020,dial,flip,100.0,50,0.029671765566859968
func2C,1020,tpe_shared,own,-1,-1,-0.2027201931970263
func2C,1021,dial,keep,0.0,1000,-0.20632551665230237
func2C,1021,dial,keep,0.0,50,-0.20632221657744573
func2C,1021,dial,keep,1.0,1000,-0.20459173750166978
func2C,1021,dial,keep,1.0,50,-0.2050067775425129
func2C,1021,dial,keep,3.0,1000,0.0016956501791645262
func2C,1021,dial,keep,3.0,50,-0.059699997679514706
func2C,1021,dial,keep,10.0,1000,-0.00013343210771248754
func2C,1021,dial,keep,10.0,50,-0.19885497271269262
func2C,1021,dial,keep,30.0,1000,-0.2036992008027978
func2C,1021,dial,keep,30.0,50,0.000492903046244924
func2C,1021,dial,keep,100.0,1000,-0.11798101630854027
func2C,1021,dial,keep,100.0,50,-0.09740630201205953
func2C,1021,dial,flip,0.0,1000,-0.20508930724568236
func2C,1021,dial,flip,0.0,50,-0.18299806036218708
func2C,1021,dial,flip,1.0,1000,-0.16549173521451338
func2C,1021,dial,flip,1.0,50,-0.19367770088879152
func2C,1021,dial,flip,3.0,1000,-0.04705252898468864
func2C,1021,dial,flip,3.0,50,-0.06776164314809763
func2C,1021,dial,flip,10.0,1000,-0.18209263207345192
func2C,1021,dial,flip,10.0,50,-0.18271973121406387
func2C,1021,dial,flip,30.0,1000,-0.06823144654497354
func2C,1021,dial,flip,30.0,50,-0.07765286660110009
func2C,1021,dial,flip,100.0,1000,0.011118458892864365
func2C,1021,dial,flip,100.0,50,0.006636477914440569
func2C,1021,tpe_shared,own,-1,-1,-0.11808087741689861
func2C,1022,dial,keep,0.0,1000,-0.20632538444407084
func2C,1022,dial,keep,0.0,50,-0.20632466695613672
func2C,1022,dial,keep,1.0,1000,-0.18400662765248335
func2C,1022,dial,keep,1.0,50,-0.19759838211529493
func2C,1022,dial,keep,3.0,1000,-0.2017341626958336
func2C,1022,dial,keep,3.0,50,-0.20604219251085962
func2C,1022,dial,keep,10.0,1000,-0.009287677952335635
func2C,1022,dial,keep,10.0,50,-0.1970646645932133
func2C,1022,dial,keep,30.0,1000,-0.19161999291983614
func2C,1022,dial,keep,30.0,50,-0.07400297421395689
func2C,1022,dial,keep,100.0,1000,-0.17469636679237543
func2C,1022,dial,keep,100.0,50,0.06684503571329249
func2C,1022,dial,flip,0.0,1000,-0.20504252411322982
func2C,1022,dial,flip,0.0,50,-0.18642278655191818
func2C,1022,dial,flip,1.0,1000,-0.024908059260331107
func2C,1022,dial,flip,1.0,50,-0.043514563245302514
func2C,1022,dial,flip,3.0,1000,0.020936928324694605
func2C,1022,dial,flip,3.0,50,-0.1238973246823996
func2C,1022,dial,flip,10.0,1000,0.0014178458107202813
func2C,1022,dial,flip,10.0,50,-0.15912963206640476
func2C,1022,dial,flip,30.0,1000,0.007134329219292623
func2C,1022,dial,flip,30.0,50,-0.0735737333671049
func2C,1022,dial,flip,100.0,1000,0.04996351716857326
func2C,1022,dial,flip,100.0,50,0.010058347837740077
func2C,1022,tpe_shared,own,-1,-1,0.023667665811172422
func2C,1023,dial,keep,0.0,1000,-0.20632565187149904
func2C,1023,dial,keep,0.0,50,-0.2063201138119132
func2C,1023,dial,keep,1.0,1000,-0.19940046450341975
func2C,1023,dial,keep,1.0,50,-0.200682070152692
func2C,1023,dial,keep,3.0,1000,-0.19676348187140807
func2C,1023,dial,keep,3.0,50,-0.05767763231655001
func2C,1023,dial,keep,10.0,1000,0.00048256595510001314
func2C,1023,dial,keep,10.0,50,-0.10948016462898524
func2C,1023,dial,keep,30.0,1000,0.012672802216589504
func2C,1023,dial,keep,30.0,50,-0.015584847314025341
func2C,1023,dial,keep,100.0,1000,0.021147003865918522
func2C,1023,dial,keep,100.0,50,-0.1457012079546
func2C,1023,dial,flip,0.0,1000,-0.2047746194931658
func2C,1023,dial,flip,0.0,50,-0.18428495110986381
func2C,1023,dial,flip,1.0,1000,-0.134774053003161
func2C,1023,dial,flip,1.0,50,-0.1430031239354867
func2C,1023,dial,flip,3.0,1000,-0.15002146027199104
func2C,1023,dial,flip,3.0,50,-0.11645143675176275
func2C,1023,dial,flip,10.0,1000,-0.06414568667003942
func2C,1023,dial,flip,10.0,50,-0.1730310653813569
func2C,1023,dial,flip,30.0,1000,0.018451125192511846
func2C,1023,dial,flip,30.0,50,-0.0862033632422213
func2C,1023,dial,flip,100.0,1000,-0.06049729829889718
func2C,1023,dial,flip,100.0,50,0.008765129112195867
func2C,1023,tpe_shared,own,-1,-1,-0.19826361558348232
func2C,1024,dial,keep,0.0,1000,-0.20632553279711163
func2C,1024,dial,keep,0.0,50,-0.20629482374678507
func2C,1024,dial,keep,1.0,1000,-0.20336122033573817
func2C,1024,dial,keep,1.0,50,-0.20433031106672472
func2C,1024,dial,keep,3.0,1000,-0.1635016277838159
func2C,1024,dial,keep,3.0,50,-0.11887088361468685
func2C,1024,dial,keep,10.0,1000,-0.19323567911157316
func2C,1024,dial,keep,10.0,50,-0.18433040531550526
func2C,1024,dial,keep,30.0,1000,-0.10001433762956331
func2C,1024,dial,keep,30.0,50,-0.19502022937720326
func2C,1024,dial,keep,100.0,1000,-0.015735177607618694
func2C,1024,dial,keep,100.0,50,0.01575649121295016
func2C,1024,dial,flip,0.0,1000,-0.2062440564020021
func2C,1024,dial,flip,0.0,50,-0.16510528557660362
func2C,1024,dial,flip,1.0,1000,-0.11842117062896056
func2C,1024,dial,flip,1.0,50,-0.018254199774902436
func2C,1024,dial,flip,3.0,1000,-0.1281577431177435
func2C,1024,dial,flip,3.0,50,-0.11566964827905005
func2C,1024,dial,flip,10.0,1000,0.020936752229724215
func2C,1024,dial,flip,10.0,50,-0.028025660826881633
func2C,1024,dial,flip,30.0,1000,0.0016722492284349383
func2C,1024,dial,flip,30.0,50,-0.01788409880835453
func2C,1024,dial,flip,100.0,1000,0.025832505133128736
func2C,1024,dial,flip,100.0,50,0.0006820858466424842
func2C,1024,tpe_shared,own,-1,-1,0.021296749626521682
func2C,1025,dial,keep,0.0,1000,-0.20632368972742016
func2C,1025,dial,keep,0.0,50,-0.2063144341543764
func2C,1025,dial,keep,1.0,1000,-0.20586332589888764
func2C,1025,dial,keep,1.0,50,-0.20607221625633954
func2C,1025,dial,keep,3.0,1000,-0.061180720710826544
func2C,1025,dial,keep,3.0,50,-0.005253703521149511
func2C,1025,dial,keep,10.0,1000,-0.030135792327736288
func2C,1025,dial,keep,10.0,50,-0.022454206363414216
func2C,1025,dial,keep,30.0,1000,0.008915001995454409
func2C,1025,dial,keep,30.0,50,0.02094625283793827
func2C,1025,dial,keep,100.0,1000,-0.13370926750258896
func2C,1025,dial,keep,100.0,50,0.06872012928482663
func2C,1025,dial,flip,0.0,1000,-0.20540838163747743
func2C,1025,dial,flip,0.0,50,-0.1969760892107314
func2C,1025,dial,flip,1.0,1000,-0.09997271394476497
func2C,1025,dial,flip,1.0,50,-0.09758544145178356
func2C,1025,dial,flip,3.0,1000,0.021419744550150232
func2C,1025,dial,flip,3.0,50,-0.11582341732578876
func2C,1025,dial,flip,10.0,1000,-0.015893673262173592
func2C,1025,dial,flip,10.0,50,-0.10910797509698811
func2C,1025,dial,flip,30.0,1000,-0.06034038380193374
func2C,1025,dial,flip,30.0,50,0.048898226080246195
func2C,1025,dial,flip,100.0,1000,-0.20395464477119374
func2C,1025,dial,flip,100.0,50,0.0007997596858741473
func2C,1025,tpe_shared,own,-1,-1,0.044739820074265274
func3C,1001,dial,keep,0.0,1000,-0.7221388979683383
func3C,1001,dial,keep,0.0,50,-0.7221197028488708
func3C,1001,dial,keep,1.0,1000,-0.7219575470170594
func3C,1001,dial,keep,1.0,50,-0.71191731113409
func3C,1001,dial,keep,3.0,1000,-0.4248311105774504
func3C,1001,dial,keep,3.0,50,-0.6492599148666125
func3C,1001,dial,keep,10.0,1000,-0.3140961221000092
func3C,1001,dial,keep,10.0,50,-0.5655006250052048
func3C,1001,dial,keep,30.0,1000,-0.2780911931164008
func3C,1001,dial,keep,30.0,50,-0.4975255750618108
func3C,1001,dial,keep,100.0,1000,0.26601014205179735
func3C,1001,dial,keep,100.0,50,-0.3035914465308842
func3C,1001,dial,flip,0.0,1000,-0.7215430739670179
func3C,1001,dial,flip,0.0,50,-0.6775522084663415
func3C,1001,dial,flip,1.0,1000,-0.667273209480816
func3C,1001,dial,flip,1.0,50,-0.49395815301877444
func3C,1001,dial,flip,3.0,1000,-0.514618431265295
func3C,1001,dial,flip,3.0,50,-0.7029847874170574
func3C,1001,dial,flip,10.0,1000,-0.37916019158586134
func3C,1001,dial,flip,10.0,50,0.15131517335223926
func3C,1001,dial,flip,30.0,1000,-0.6352094352459818
func3C,1001,dial,flip,30.0,50,-0.4641967000016086
func3C,1001,dial,flip,100.0,1000,-0.5543443440413385
func3C,1001,dial,flip,100.0,50,0.06514133936329516
func3C,1001,tpe_shared,own,-1,-1,-0.4587817262324258
func3C,1002,dial,keep,0.0,1000,-0.722138740970862
func3C,1002,dial,keep,0.0,50,-0.7221070535936107
func3C,1002,dial,keep,1.0,1000,-0.7214338292677157
func3C,1002,dial,keep,1.0,50,-0.7208817308186091
func3C,1002,dial,keep,3.0,1000,-0.7187354683305065
func3C,1002,dial,keep,3.0,50,-0.7088965650210116
func3C,1002,dial,keep,10.0,1000,-0.3854992599788306
func3C,1002,dial,keep,10.0,50,-0.39616388665132707
func3C,1002,dial,keep,30.0,1000,-0.4536592903451989
func3C,1002,dial,keep,30.0,50,-0.4216534336757544
func3C,1002,dial,keep,100.0,1000,-0.06072659998632496
func3C,1002,dial,keep,100.0,50,-0.06072659998632496
func3C,1002,dial,flip,0.0,1000,-0.6992011851430446
func3C,1002,dial,flip,0.0,50,-0.5934436373825096
func3C,1002,dial,flip,1.0,1000,-0.5342447558010581
func3C,1002,dial,flip,1.0,50,-0.4720623901879029
func3C,1002,dial,flip,3.0,1000,-0.604702971603927
func3C,1002,dial,flip,3.0,50,-0.3249472153290094
func3C,1002,dial,flip,10.0,1000,-0.6698184913917504
func3C,1002,dial,flip,10.0,50,-0.22669367128744872
func3C,1002,dial,flip,30.0,1000,-0.06072659998632496
func3C,1002,dial,flip,30.0,50,-0.20810514791339974
func3C,1002,dial,flip,100.0,1000,-0.06072659998632496
func3C,1002,dial,flip,100.0,50,-0.09977924819147088
func3C,1002,tpe_shared,own,-1,-1,-0.06072659998632496
func3C,1003,dial,keep,0.0,1000,-0.7221393360581104
func3C,1003,dial,keep,0.0,50,-0.7221234404594179
func3C,1003,dial,keep,1.0,1000,-0.7219615452235673
func3C,1003,dial,keep,1.0,50,-0.7219780797692166
func3C,1003,dial,keep,3.0,1000,-0.46025619401316153
func3C,1003,dial,keep,3.0,50,-0.20325396120544684
func3C,1003,dial,keep,10.0,1000,0.04201979244904571
func3C,1003,dial,keep,10.0,50,-0.7082482049807997
func3C,1003,dial,keep,30.0,1000,0.04186844883378726
func3C,1003,dial,keep,30.0,50,0.09135420503166863
func3C,1003,dial,keep,100.0,1000,0.057910144883020306
func3C,1003,dial,keep,100.0,50,-0.39188519975398595
func3C,1003,dial,flip,0.0,1000,-0.7116307971194762
func3C,1003,dial,flip,0.0,50,-0.6179279196492745
func3C,1003,dial,flip,1.0,1000,-0.7205238884021793
func3C,1003,dial,flip,1.0,50,-0.6699528986116555
func3C,1003,dial,flip,3.0,1000,-0.38115109139475667
func3C,1003,dial,flip,3.0,50,0.052335637087639206
func3C,1003,dial,flip,10.0,1000,-0.3733474372686924
func3C,1003,dial,flip,10.0,50,0.03239280184917389
func3C,1003,dial,flip,30.0,1000,0.11864258185570528
func3C,1003,dial,flip,30.0,50,-0.001067684196725746
func3C,1003,dial,flip,100.0,1000,0.20237390790562
func3C,1003,dial,flip,100.0,50,0.0031289924069472395
func3C,1003,tpe_shared,own,-1,-1,-0.45972332488894685
func3C,1004,dial,keep,0.0,1000,-0.7221374753139833
func3C,1004,dial,keep,0.0,50,-0.7221287466586171
func3C,1004,dial,keep,1.0,1000,-0.7200525209065225
func3C,1004,dial,keep,1.0,50,-0.722111467113226
func3C,1004,dial,keep,3.0,1000,-0.689209887265934
func3C,1004,dial,keep,3.0,50,-0.37929424104862985
func3C,1004,dial,keep,10.0,1000,-0.3951960946348394
func3C,1004,dial,keep,10.0,50,-0.4364168301814901
func3C,1004,dial,keep,30.0,1000,0.07129028701911835
func3C,1004,dial,keep,30.0,50,0.14012243467015081
func3C,1004,dial,keep,100.0,1000,-0.5926363828077026
func3C,1004,dial,keep,100.0,50,0.0509304511647287
func3C,1004,dial,flip,0.0,1000,-0.7216226292172261
func3C,1004,dial,flip,0.0,50,-0.6715263605462447
func3C,1004,dial,flip,1.0,1000,-0.6535140506462087
func3C,1004,dial,flip,1.0,50,-0.6118499103134923
func3C,1004,dial,flip,3.0,1000,-0.4823374035754519
func3C,1004,dial,flip,3.0,50,-0.4437319613798783
func3C,1004,dial,flip,10.0,1000,-0.21674494204023356
func3C,1004,dial,flip,10.0,50,-0.3132616659055772
func3C,1004,dial,flip,30.0,1000,-0.06647976831314814
func3C,1004,dial,flip,30.0,50,-0.2193555570781576
func3C,1004,dial,flip,100.0,1000,-0.44906365122750125
func3C,1004,dial,flip,100.0,50,-0.29606045873697623
func3C,1004,tpe_shared,own,-1,-1,-0.635742867323609
func3C,1005,dial,keep,0.0,1000,-0.7221385109742392
func3C,1005,dial,keep,0.0,50,-0.7221212318005286
func3C,1005,dial,keep,1.0,1000,-0.7220159179964476
func3C,1005,dial,keep,1.0,50,-0.7214435776474089
func3C,1005,dial,keep,3.0,1000,0.04186758702091696
func3C,1005,dial,keep,3.0,50,0.04115074063287344
func3C,1005,dial,keep,10.0,1000,-0.3651408783098605
func3C,1005,dial,keep,10.0,50,-0.26447419461830046
func3C,1005,dial,keep,30.0,1000,-0.5689564548384765
func3C,1005,dial,keep,30.0,50,0.0015962302056605102
func3C,1005,dial,keep,100.0,1000,0.12780448345036008
func3C,1005,dial,keep,100.0,50,-0.24752092858195834
func3C,1005,dial,flip,0.0,1000,-0.7151809862300412
func3C,1005,dial,flip,0.0,50,-0.6471713563219401
func3C,1005,dial,flip,1.0,1000,-0.6797002812531195
func3C,1005,dial,flip,1.0,50,-0.7037662750666588
func3C,1005,dial,flip,3.0,1000,-0.45199810449445194
func3C,1005,dial,flip,3.0,50,-0.46245623398510005
func3C,1005,dial,flip,10.0,1000,-0.291952869626771
func3C,1005,dial,flip,10.0,50,-0.3794741535041236
func3C,1005,dial,flip,30.0,1000,-0.6717539708592436
func3C,1005,dial,flip,30.0,50,0.08620182150667166
func3C,1005,dial,flip,100.0,1000,0.01848486436043049
func3C,1005,dial,flip,100.0,50,-0.23293039900184495
func3C,1005,tpe_shared,own,-1,-1,-0.44649192342614014
func3C,1006,dial,keep,0.0,1000,-0.7221360371791886
func3C,1006,dial,keep,0.0,50,-0.7221137894405409
func3C,1006,dial,keep,1.0,1000,-0.7218697500936871
func3C,1006,dial,keep,1.0,50,-0.7218288978040288
func3C,1006,dial,keep,3.0,1000,-0.7218608560982034
func3C,1006,dial,keep,3.0,50,-0.4550136063245034
func3C,1006,dial,keep,10.0,1000,-0.421317026645611
func3C,1006,dial,keep,10.0,50,0.0652711342480719
func3C,1006,dial,keep,30.0,1000,0.07194790083362795
func3C,1006,dial,keep,30.0,50,0.01420925867594829
func3C,1006,dial,keep,100.0,1000,0.13092947882907432
func3C,1006,dial,keep,100.0,50,0.27429726798826626
func3C,1006,dial,flip,0.0,1000,-0.7177240114071073
func3C,1006,dial,flip,0.0,50,-0.6828533457087068
func3C,1006,dial,flip,1.0,1000,-0.6577998312462743
func3C,1006,dial,flip,1.0,50,-0.43048729575992206
func3C,1006,dial,flip,3.0,1000,-0.623728249359028
func3C,1006,dial,flip,3.0,50,-0.4316284462893153
func3C,1006,dial,flip,10.0,1000,-0.27370818127594115
func3C,1006,dial,flip,10.0,50,-0.6395826420215559
func3C,1006,dial,flip,30.0,1000,0.04482857530052409
func3C,1006,dial,flip,30.0,50,0.17105500586082728
func3C,1006,dial,flip,100.0,1000,0.0195648757415407
func3C,1006,dial,flip,100.0,50,-0.2824130910167482
func3C,1006,tpe_shared,own,-1,-1,-0.3593551341851165
func3C,1007,dial,keep,0.0,1000,-0.7221378472798681
func3C,1007,dial,keep,0.0,50,-0.7221384988601682
func3C,1007,dial,keep,1.0,1000,-0.7218683205708403
func3C,1007,dial,keep,1.0,50,-0.7182257723059797
func3C,1007,dial,keep,3.0,1000,-0.707001413010677
func3C,1007,dial,keep,3.0,50,-0.7202175155741452
func3C,1007,dial,keep,10.0,1000,-0.32286097652399054
func3C,1007,dial,keep,10.0,50,-0.2655389839427086
func3C,1007,dial,keep,30.0,1000,-0.38324642260007186
func3C,1007,dial,keep,30.0,50,-0.23826982784934364
func3C,1007,dial,keep,100.0,1000,0.0220710922761149
func3C,1007,dial,keep,100.0,50,-0.16937375420382922
func3C,1007,dial,flip,0.0,1000,-0.7098822287967956
func3C,1007,dial,flip,0.0,50,-0.46851002850883694
func3C,1007,dial,flip,1.0,1000,-0.642194236311903
func3C,1007,dial,flip,1.0,50,-0.4622010884356839
func3C,1007,dial,flip,3.0,1000,-0.3598551386234064
func3C,1007,dial,flip,3.0,50,-0.35494447438984095
func3C,1007,dial,flip,10.0,1000,-0.6795850850950582
func3C,1007,dial,flip,10.0,50,-0.6180497351610299
func3C,1007,dial,flip,30.0,1000,0.0013934492345064596
func3C,1007,dial,flip,30.0,50,0.013460578263365233
func3C,1007,dial,flip,100.0,1000,0.011893687489508952
func3C,1007,dial,flip,100.0,50,0.05631471665415789
func3C,1007,tpe_shared,own,-1,-1,-0.4921498623943292
func3C,1008,dial,keep,0.0,1000,-0.7221384135919324
func3C,1008,dial,keep,0.0,50,-0.722119415676358
func3C,1008,dial,keep,1.0,1000,-0.7211287689831045
func3C,1008,dial,keep,1.0,50,-0.4986716391060955
func3C,1008,dial,keep,3.0,1000,-0.3129750729700358
func3C,1008,dial,keep,3.0,50,-0.6269613226922774
func3C,1008,dial,keep,10.0,1000,-0.6853815433106122
func3C,1008,dial,keep,10.0,50,-0.7220458601065114
func3C,1008,dial,keep,30.0,1000,-0.5538845077539147
func3C,1008,dial,keep,30.0,50,0.050499920071287015
func3C,1008,dial,keep,100.0,1000,-0.10910935461326522
func3C,1008,dial,keep,100.0,50,-0.1579297584117335
func3C,1008,dial,flip,0.0,1000,-0.7110663620985914
func3C,1008,dial,flip,0.0,50,-0.6755004696293638
func3C,1008,dial,flip,1.0,1000,-0.5398834085016939
func3C,1008,dial,flip,1.0,50,-0.5805798808650138
func3C,1008,dial,flip,3.0,1000,-0.52291988222478
func3C,1008,dial,flip,3.0,50,-0.21488481853916294
func3C,1008,dial,flip,10.0,1000,-0.5152750060213175
func3C,1008,dial,flip,10.0,50,-0.21770496922334193
func3C,1008,dial,flip,30.0,1000,-0.5508303194800577
func3C,1008,dial,flip,30.0,50,0.06105969186409187
func3C,1008,dial,flip,100.0,1000,-0.3318402631550063
func3C,1008,dial,flip,100.0,50,0.10678129195331296
func3C,1008,tpe_shared,own,-1,-1,-0.27367713107747343
func3C,1009,dial,keep,0.0,1000,-0.7221356973917387
func3C,1009,dial,keep,0.0,50,-0.7221309689860097
func3C,1009,dial,keep,1.0,1000,-0.7213412769655847
func3C,1009,dial,keep,1.0,50,-0.7215344475377856
func3C,1009,dial,keep,3.0,1000,-0.7220288125838895
func3C,1009,dial,keep,3.0,50,-0.6657952611518163
func3C,1009,dial,keep,10.0,1000,-0.5035516173895418
func3C,1009,dial,keep,10.0,50,-0.43347397109410357
func3C,1009,dial,keep,30.0,1000,-0.15530155459023204
func3C,1009,dial,keep,30.0,50,-0.014640142673120637
func3C,1009,dial,keep,100.0,1000,0.0037567356783016503
func3C,1009,dial,keep,100.0,50,0.0036650673860351064
func3C,1009,dial,flip,0.0,1000,-0.7203011242061792
func3C,1009,dial,flip,0.0,50,-0.7186877064858463
func3C,1009,dial,flip,1.0,1000,-0.6422562090661211
func3C,1009,dial,flip,1.0,50,-0.5476299362110333
func3C,1009,dial,flip,3.0,1000,-0.5516955064866361
func3C,1009,dial,flip,3.0,50,-0.06801725534124348
func3C,1009,dial,flip,10.0,1000,-0.13061085807532985
func3C,1009,dial,flip,10.0,50,-0.0977949069975746
func3C,1009,dial,flip,30.0,1000,0.05405792097404434
func3C,1009,dial,flip,30.0,50,-0.42999658760478676
func3C,1009,dial,flip,100.0,1000,-0.028776972075694733
func3C,1009,dial,flip,100.0,50,-0.4491528700488349
func3C,1009,tpe_shared,own,-1,-1,-0.6024240184595528
func3C,1010,dial,keep,0.0,1000,-0.7221395284704821
func3C,1010,dial,keep,0.0,50,-0.7220545167592066
func3C,1010,dial,keep,1.0,1000,-0.7218562607918535
func3C,1010,dial,keep,1.0,50,-0.7219528569940505
func3C,1010,dial,keep,3.0,1000,-0.7205568782072912
func3C,1010,dial,keep,3.0,50,-0.6193683106935792
func3C,1010,dial,keep,10.0,1000,-0.3389152863579864
func3C,1010,dial,keep,10.0,50,-0.7218637261522387
func3C,1010,dial,keep,30.0,1000,-0.06864375154381083
func3C,1010,dial,keep,30.0,50,-0.34209196364186994
func3C,1010,dial,keep,100.0,1000,0.0784793988853501
func3C,1010,dial,keep,100.0,50,-0.6939726145633927
func3C,1010,dial,flip,0.0,1000,-0.6983348433212806
func3C,1010,dial,flip,0.0,50,-0.5924936507281173
func3C,1010,dial,flip,1.0,1000,-0.6368221363179739
func3C,1010,dial,flip,1.0,50,-0.6959299002435638
func3C,1010,dial,flip,3.0,1000,-0.47636981905642045
func3C,1010,dial,flip,3.0,50,-0.6387506364065005
func3C,1010,dial,flip,10.0,1000,-0.7200290544019684
func3C,1010,dial,flip,10.0,50,-0.12023801538163006
func3C,1010,dial,flip,30.0,1000,0.05314934521878912
func3C,1010,dial,flip,30.0,50,-0.02403600311135507
func3C,1010,dial,flip,100.0,1000,-0.027034982797780063
func3C,1010,dial,flip,100.0,50,0.03347413178281804
func3C,1010,tpe_shared,own,-1,-1,-0.4296969030604193
func3C,1011,dial,keep,0.0,1000,-0.7221392965406552
func3C,1011,dial,keep,0.0,50,-0.7221260114478976
func3C,1011,dial,keep,1.0,1000,-0.7219482837829476
func3C,1011,dial,keep,1.0,50,-0.6948354481471839
func3C,1011,dial,keep,3.0,1000,-0.4283849884751871
func3C,1011,dial,keep,3.0,50,-0.3854645242821233
func3C,1011,dial,keep,10.0,1000,-0.42642770298989313
func3C,1011,dial,keep,10.0,50,-0.30504295437053125
func3C,1011,dial,keep,30.0,1000,-0.6603052623763027
func3C,1011,dial,keep,30.0,50,-0.29310652836158657
func3C,1011,dial,keep,100.0,1000,0.04412513825637111
func3C,1011,dial,keep,100.0,50,0.0572929571715189
func3C,1011,dial,flip,0.0,1000,-0.718308606231167
func3C,1011,dial,flip,0.0,50,-0.7110351029230384
func3C,1011,dial,flip,1.0,1000,-0.7101393889827069
func3C,1011,dial,flip,1.0,50,-0.4620895573564897
func3C,1011,dial,flip,3.0,1000,-0.5039134686911579
func3C,1011,dial,flip,3.0,50,-0.27146539756637855
func3C,1011,dial,flip,10.0,1000,0.009884929075319099
func3C,1011,dial,flip,10.0,50,-0.2645246281645831
func3C,1011,dial,flip,30.0,1000,0.05518595914833922
func3C,1011,dial,flip,30.0,50,-0.17649683368432556
func3C,1011,dial,flip,100.0,1000,-0.36824744259995085
func3C,1011,dial,flip,100.0,50,0.20289104416834275
func3C,1011,tpe_shared,own,-1,-1,0.05289776008456573
func3C,1012,dial,keep,0.0,1000,-0.7221397730762974
func3C,1012,dial,keep,0.0,50,-0.7221132882730068
func3C,1012,dial,keep,1.0,1000,-0.7214308267873366
func3C,1012,dial,keep,1.0,50,-0.7204115680372543
func3C,1012,dial,keep,3.0,1000,-0.7187029572384208
func3C,1012,dial,keep,3.0,50,-0.6292927474047705
func3C,1012,dial,keep,10.0,1000,-0.4351508127144624
func3C,1012,dial,keep,10.0,50,-0.5931876422688078
func3C,1012,dial,keep,30.0,1000,0.04187531629997494
func3C,1012,dial,keep,30.0,50,0.15067619859871623
func3C,1012,dial,keep,100.0,1000,-0.5852861810624181
func3C,1012,dial,keep,100.0,50,0.041884469120276754
func3C,1012,dial,flip,0.0,1000,-0.6944847399364233
func3C,1012,dial,flip,0.0,50,-0.7040657280874582
func3C,1012,dial,flip,1.0,1000,-0.6991575537153775
func3C,1012,dial,flip,1.0,50,-0.374336100484781
func3C,1012,dial,flip,3.0,1000,-0.6147376273884715
func3C,1012,dial,flip,3.0,50,-0.2630611993947601
func3C,1012,dial,flip,10.0,1000,-0.04534355260002548
func3C,1012,dial,flip,10.0,50,0.026094101389416154
func3C,1012,dial,flip,30.0,1000,0.08187911331166048
func3C,1012,dial,flip,30.0,50,-0.456995825219231
func3C,1012,dial,flip,100.0,1000,0.04308717914948268
func3C,1012,dial,flip,100.0,50,-0.3757887103204625
func3C,1012,tpe_shared,own,-1,-1,0.0542625992879103
func3C,1013,dial,keep,0.0,1000,-0.7221388592520773
func3C,1013,dial,keep,0.0,50,-0.7221062931436768
func3C,1013,dial,keep,1.0,1000,-0.7209981362361888
func3C,1013,dial,keep,1.0,50,-0.7218584015257503
func3C,1013,dial,keep,3.0,1000,-0.4245153183538931
func3C,1013,dial,keep,3.0,50,0.05234316216973667
func3C,1013,dial,keep,10.0,1000,0.022126814962567132
func3C,1013,dial,keep,10.0,50,-0.09343470934291315
func3C,1013,dial,keep,30.0,1000,0.019695050334029074
func3C,1013,dial,keep,30.0,50,0.04187076923463178
func3C,1013,dial,keep,100.0,1000,-0.27767326422875654
func3C,1013,dial,keep,100.0,50,-0.6966714214808549
func3C,1013,dial,flip,0.0,1000,-0.6920475344875607
func3C,1013,dial,flip,0.0,50,-0.6864269483496825
func3C,1013,dial,flip,1.0,1000,-0.6765271507395039
func3C,1013,dial,flip,1.0,50,-0.4432225144100816
func3C,1013,dial,flip,3.0,1000,-0.650763179118538
func3C,1013,dial,flip,3.0,50,-0.29034249403178847
func3C,1013,dial,flip,10.0,1000,-0.4341153425174056
func3C,1013,dial,flip,10.0,50,-0.46278020309048074
func3C,1013,dial,flip,30.0,1000,-0.6531661314949495
func3C,1013,dial,flip,30.0,50,-0.33348064992464255
func3C,1013,dial,flip,100.0,1000,-0.04656513047620588
func3C,1013,dial,flip,100.0,50,-0.14037707256212711
func3C,1013,tpe_shared,own,-1,-1,0.044948641233069984
func3C,1014,dial,keep,0.0,1000,-0.7221380224884619
func3C,1014,dial,keep,0.0,50,-0.7221369872507484
func3C,1014,dial,keep,1.0,1000,-0.6993700097476894
func3C,1014,dial,keep,1.0,50,-0.7140224918852807
func3C,1014,dial,keep,3.0,1000,-0.53054901456982
func3C,1014,dial,keep,3.0,50,-0.0005540506320579897
func3C,1014,dial,keep,10.0,1000,-0.6084136742415425
func3C,1014,dial,keep,10.0,50,-0.718692010304607
func3C,1014,dial,keep,30.0,1000,0.04191413487277369
func3C,1014,dial,keep,30.0,50,0.0020592140464496924
func3C,1014,dial,keep,100.0,1000,-0.6901361918768993
func3C,1014,dial,keep,100.0,50,-0.3721892368651736
func3C,1014,dial,flip,0.0,1000,-0.692437615597025
func3C,1014,dial,flip,0.0,50,-0.7189148150370632
func3C,1014,dial,flip,1.0,1000,-0.516083167183053
func3C,1014,dial,flip,1.0,50,-0.5205405795177311
func3C,1014,dial,flip,3.0,1000,-0.2647613742888657
func3C,1014,dial,flip,3.0,50,-0.6241026122059998
func3C,1014,dial,flip,10.0,1000,0.040004413067807214
func3C,1014,dial,flip,10.0,50,-0.1328214376782246
func3C,1014,dial,flip,30.0,1000,-0.39434439657860265
func3C,1014,dial,flip,30.0,50,-0.22157639405392132
func3C,1014,dial,flip,100.0,1000,0.07702309566723513
func3C,1014,dial,flip,100.0,50,0.16284122899877074
func3C,1014,tpe_shared,own,-1,-1,0.06755743132684153
func3C,1015,dial,keep,0.0,1000,-0.722139298799515
func3C,1015,dial,keep,0.0,50,-0.7221360323852501
func3C,1015,dial,keep,1.0,1000,-0.7220618031462243
func3C,1015,dial,keep,1.0,50,-0.7010063995470746
func3C,1015,dial,keep,3.0,1000,0.0011626657816794497
func3C,1015,dial,keep,3.0,50,-0.6855479829683718
func3C,1015,dial,keep,10.0,1000,0.018474479699465238
func3C,1015,dial,keep,10.0,50,-0.6878225522501569
func3C,1015,dial,keep,30.0,1000,-0.31545217415674254
func3C,1015,dial,keep,30.0,50,0.031463374994966244
func3C,1015,dial,keep,100.0,1000,0.14222078199870763
func3C,1015,dial,keep,100.0,50,-0.39320039491783604
func3C,1015,dial,flip,0.0,1000,-0.7206203055134701
func3C,1015,dial,flip,0.0,50,-0.5839509946479532
func3C,1015,dial,flip,1.0,1000,-0.5258469403856295
func3C,1015,dial,flip,1.0,50,-0.46823668380581485
func3C,1015,dial,flip,3.0,1000,-0.3870544056146322
func3C,1015,dial,flip,3.0,50,-0.16517271199955164
func3C,1015,dial,flip,10.0,1000,-0.23760525281357736
func3C,1015,dial,flip,10.0,50,0.11417420764149165
func3C,1015,dial,flip,30.0,1000,0.14404512172336723
func3C,1015,dial,flip,30.0,50,0.08094627054920883
func3C,1015,dial,flip,100.0,1000,0.02440936145248796
func3C,1015,dial,flip,100.0,50,-0.4293364601491859
func3C,1015,tpe_shared,own,-1,-1,-0.3114764335985586
func3C,1016,dial,keep,0.0,1000,-0.7221396331012255
func3C,1016,dial,keep,0.0,50,-0.7221040736508755
func3C,1016,dial,keep,1.0,1000,-0.7219144780577085
func3C,1016,dial,keep,1.0,50,-0.7219650924363609
func3C,1016,dial,keep,3.0,1000,-0.712553133546577
func3C,1016,dial,keep,3.0,50,-0.7213218209943132
func3C,1016,dial,keep,10.0,1000,-0.23191091597565397
func3C,1016,dial,keep,10.0,50,0.042019365287469836
func3C,1016,dial,keep,30.0,1000,-0.19516254163186375
func3C,1016,dial,keep,30.0,50,0.058264386043758006
func3C,1016,dial,keep,100.0,1000,0.053235235662402756
func3C,1016,dial,keep,100.0,50,-0.5691728654342683
func3C,1016,dial,flip,0.0,1000,-0.7203917077854245
func3C,1016,dial,flip,0.0,50,-0.4661210852801208
func3C,1016,dial,flip,1.0,1000,-0.620430089951683
func3C,1016,dial,flip,1.0,50,-0.7202714128415435
func3C,1016,dial,flip,3.0,1000,-0.6143695463722436
func3C,1016,dial,flip,3.0,50,-0.5473289823176894
func3C,1016,dial,flip,10.0,1000,-0.5123629225581374
func3C,1016,dial,flip,10.0,50,-0.5659615655552064
func3C,1016,dial,flip,30.0,1000,-0.13674365436969305
func3C,1016,dial,flip,30.0,50,0.0419049509564859
func3C,1016,dial,flip,100.0,1000,0.1345761741127337
func3C,1016,dial,flip,100.0,50,-0.20585600868535478
func3C,1016,tpe_shared,own,-1,-1,0.04950128770630981
func3C,1017,dial,keep,0.0,1000,-0.722138579224537
func3C,1017,dial,keep,0.0,50,-0.7221286944996278
func3C,1017,dial,keep,1.0,1000,-0.7220807806946983
func3C,1017,dial,keep,1.0,50,-0.7089011997923378
func3C,1017,dial,keep,3.0,1000,-0.15073814366511423
func3C,1017,dial,keep,3.0,50,-0.37477672035437737
func3C,1017,dial,keep,10.0,1000,-0.4051142905268292
func3C,1017,dial,keep,10.0,50,-0.34791784924134694
func3C,1017,dial,keep,30.0,1000,0.00678560773915191
func3C,1017,dial,keep,30.0,50,-0.17329307944546934
func3C,1017,dial,keep,100.0,1000,-0.32469741869599134
func3C,1017,dial,keep,100.0,50,0.05679020724057694
func3C,1017,dial,flip,0.0,1000,-0.6973815088772016
func3C,1017,dial,flip,0.0,50,-0.6988790738261047
func3C,1017,dial,flip,1.0,1000,-0.6750919662692383
func3C,1017,dial,flip,1.0,50,-0.36164951010998303
func3C,1017,dial,flip,3.0,1000,-0.33908592509972285
func3C,1017,dial,flip,3.0,50,-0.524262802030915
func3C,1017,dial,flip,10.0,1000,-0.42417882263025575
func3C,1017,dial,flip,10.0,50,0.11060147966364213
func3C,1017,dial,flip,30.0,1000,0.009867770521433998
func3C,1017,dial,flip,30.0,50,0.04111954079864349
func3C,1017,dial,flip,100.0,1000,-0.6224839107397275
func3C,1017,dial,flip,100.0,50,-0.12196383557813645
func3C,1017,tpe_shared,own,-1,-1,0.053070593400424804
func3C,1018,dial,keep,0.0,1000,-0.7221393481234437
func3C,1018,dial,keep,0.0,50,-0.7221092176663606
func3C,1018,dial,keep,1.0,1000,-0.7216319894889851
func3C,1018,dial,keep,1.0,50,-0.7214461744555442
func3C,1018,dial,keep,3.0,1000,-0.7219595157147263
func3C,1018,dial,keep,3.0,50,0.046623406295912086
func3C,1018,dial,keep,10.0,1000,0.07469398843748187
func3C,1018,dial,keep,10.0,50,0.04544183841458344
func3C,1018,dial,keep,30.0,1000,-0.3489240760226129
func3C,1018,dial,keep,30.0,50,0.057325575408460505
func3C,1018,dial,keep,100.0,1000,0.07585680165230482
func3C,1018,dial,keep,100.0,50,-0.18133814632843948
func3C,1018,dial,flip,0.0,1000,-0.7085365541849415
func3C,1018,dial,flip,0.0,50,-0.6628848008120876
func3C,1018,dial,flip,1.0,1000,-0.6997069081322791
func3C,1018,dial,flip,1.0,50,-0.7049351209722048
func3C,1018,dial,flip,3.0,1000,-0.6237221632267389
func3C,1018,dial,flip,3.0,50,-0.7215072269410158
func3C,1018,dial,flip,10.0,1000,-0.22514920079211517
func3C,1018,dial,flip,10.0,50,-0.6691047688278351
func3C,1018,dial,flip,30.0,1000,0.06649115023500841
func3C,1018,dial,flip,30.0,50,-0.409442845148804
func3C,1018,dial,flip,100.0,1000,-0.09078881035629693
func3C,1018,dial,flip,100.0,50,0.0862140898467599
func3C,1018,tpe_shared,own,-1,-1,-0.0783414795086923
func3C,1019,dial,keep,0.0,1000,-0.7221391116334988
func3C,1019,dial,keep,0.0,50,-0.7221167288282375
func3C,1019,dial,keep,1.0,1000,-0.7210667690329059
func3C,1019,dial,keep,1.0,50,-0.7218002573444806
func3C,1019,dial,keep,3.0,1000,-0.6367968666314902
func3C,1019,dial,keep,3.0,50,-0.6345460547840599
func3C,1019,dial,keep,10.0,1000,-0.37868016631036405
func3C,1019,dial,keep,10.0,50,-0.3828178591687926
func3C,1019,dial,keep,30.0,1000,-0.44577958048778366
func3C,1019,dial,keep,30.0,50,-0.7036689653244355
func3C,1019,dial,keep,100.0,1000,-0.22731138139816381
func3C,1019,dial,keep,100.0,50,-0.22731138139816381
func3C,1019,dial,flip,0.0,1000,-0.7147526305289333
func3C,1019,dial,flip,0.0,50,-0.7186333565557779
func3C,1019,dial,flip,1.0,1000,-0.4889081811969936
func3C,1019,dial,flip,1.0,50,-0.5574451115699958
func3C,1019,dial,flip,3.0,1000,-0.6034110618668623
func3C,1019,dial,flip,3.0,50,-0.3186470102146032
func3C,1019,dial,flip,10.0,1000,-0.22731138139816381
func3C,1019,dial,flip,10.0,50,-0.48190037585400175
func3C,1019,dial,flip,30.0,1000,-0.22731138139816381
func3C,1019,dial,flip,30.0,50,-0.22731138139816381
func3C,1019,dial,flip,100.0,1000,-0.43524743744902067
func3C,1019,dial,flip,100.0,50,-0.22731138139816381
func3C,1019,tpe_shared,own,-1,-1,-0.36598343624951224
func3C,1020,dial,keep,0.0,1000,-0.722139858748723
func3C,1020,dial,keep,0.0,50,-0.7221148185991544
func3C,1020,dial,keep,1.0,1000,-0.7219556550380732
func3C,1020,dial,keep,1.0,50,-0.7218546399245598
func3C,1020,dial,keep,3.0,1000,0.04187127083782073
func3C,1020,dial,keep,3.0,50,-0.7204325193436492
func3C,1020,dial,keep,10.0,1000,-0.625912520306953
func3C,1020,dial,keep,10.0,50,-0.718801843077546
func3C,1020,dial,keep,30.0,1000,-0.7061214593609428
func3C,1020,dial,keep,30.0,50,0.04488892016777888
func3C,1020,dial,keep,100.0,1000,-0.08063984777882145
func3C,1020,dial,keep,100.0,50,0.07416675741257904
func3C,1020,dial,flip,0.0,1000,-0.7179123620054724
func3C,1020,dial,flip,0.0,50,-0.6626795706238044
func3C,1020,dial,flip,1.0,1000,-0.624149522598755
func3C,1020,dial,flip,1.0,50,-0.6803937621928073
func3C,1020,dial,flip,3.0,1000,-0.4808681105837286
func3C,1020,dial,flip,3.0,50,-0.4662227073392615
func3C,1020,dial,flip,10.0,1000,-0.40494263842388245
func3C,1020,dial,flip,10.0,50,-0.2482169463664161
func3C,1020,dial,flip,30.0,1000,-0.18324927321285212
func3C,1020,dial,flip,30.0,50,0.010810667777838297
func3C,1020,dial,flip,100.0,1000,-0.022810220957398653
func3C,1020,dial,flip,100.0,50,-0.21750854377280138
func3C,1020,tpe_shared,own,-1,-1,-0.7120395968237563
func3C,1021,dial,keep,0.0,1000,-0.7221388535870433
func3C,1021,dial,keep,0.0,50,-0.7220820864360633
func3C,1021,dial,keep,1.0,1000,-0.7214613423585852
func3C,1021,dial,keep,1.0,50,-0.7220490449736767
func3C,1021,dial,keep,3.0,1000,-0.718170516679288
func3C,1021,dial,keep,3.0,50,-0.44845910047331916
func3C,1021,dial,keep,10.0,1000,-0.7221180721641556
func3C,1021,dial,keep,10.0,50,-0.6874104164467579
func3C,1021,dial,keep,30.0,1000,-0.17980919200530004
func3C,1021,dial,keep,30.0,50,-0.6838535380213154
func3C,1021,dial,keep,100.0,1000,-0.6917076984717665
func3C,1021,dial,keep,100.0,50,-0.3390060224251721
func3C,1021,dial,flip,0.0,1000,-0.7158587974376593
func3C,1021,dial,flip,0.0,50,-0.46781889869602944
func3C,1021,dial,flip,1.0,1000,-0.4913499061572731
func3C,1021,dial,flip,1.0,50,-0.5912131107353613
func3C,1021,dial,flip,3.0,1000,-0.4396972506688348
func3C,1021,dial,flip,3.0,50,-0.38413409352191064
func3C,1021,dial,flip,10.0,1000,-0.2798289333958061
func3C,1021,dial,flip,10.0,50,-0.26163032781987616
func3C,1021,dial,flip,30.0,1000,-0.21448108726323342
func3C,1021,dial,flip,30.0,50,0.14704963512803346
func3C,1021,dial,flip,100.0,1000,0.11453397209838526
func3C,1021,dial,flip,100.0,50,0.13428893692153765
func3C,1021,tpe_shared,own,-1,-1,-0.36621450779264586
func3C,1022,dial,keep,0.0,1000,-0.7221381847054624
func3C,1022,dial,keep,0.0,50,-0.7220911980518369
func3C,1022,dial,keep,1.0,1000,-0.7211058119058502
func3C,1022,dial,keep,1.0,50,-0.41307829728194456
func3C,1022,dial,keep,3.0,1000,-0.7205388142162523
func3C,1022,dial,keep,3.0,50,-0.6441725221426206
func3C,1022,dial,keep,10.0,1000,-0.3607282920228371
func3C,1022,dial,keep,10.0,50,-0.04922804609551915
func3C,1022,dial,keep,30.0,1000,-0.33171132064090264
func3C,1022,dial,keep,30.0,50,0.028288096662355156
func3C,1022,dial,keep,100.0,1000,0.05250141779975579
func3C,1022,dial,keep,100.0,50,0.06434005894346928
func3C,1022,dial,flip,0.0,1000,-0.7087361922901494
func3C,1022,dial,flip,0.0,50,-0.643698403717428
func3C,1022,dial,flip,1.0,1000,-0.7061010745937306
func3C,1022,dial,flip,1.0,50,-0.5902107824981053
func3C,1022,dial,flip,3.0,1000,-0.5823961982913461
func3C,1022,dial,flip,3.0,50,-0.20168074836698557
func3C,1022,dial,flip,10.0,1000,0.03462431518460729
func3C,1022,dial,flip,10.0,50,-0.18064147754385496
func3C,1022,dial,flip,30.0,1000,0.16287622452577272
func3C,1022,dial,flip,30.0,50,-0.45660982037136066
func3C,1022,dial,flip,100.0,1000,-0.16095766277240653
func3C,1022,dial,flip,100.0,50,0.07886049113290904
func3C,1022,tpe_shared,own,-1,-1,0.07462846910412788
func3C,1023,dial,keep,0.0,1000,-0.7221382779896602
func3C,1023,dial,keep,0.0,50,-0.7221085116878082
func3C,1023,dial,keep,1.0,1000,-0.7215144825410584
func3C,1023,dial,keep,1.0,50,-0.7171691649022458
func3C,1023,dial,keep,3.0,1000,-0.7182267775309766
func3C,1023,dial,keep,3.0,50,-0.05350097157142461
func3C,1023,dial,keep,10.0,1000,0.07764190007914773
func3C,1023,dial,keep,10.0,50,-0.09877844220670262
func3C,1023,dial,keep,30.0,1000,0.04636589580390575
func3C,1023,dial,keep,30.0,50,-0.4224970982114373
func3C,1023,dial,keep,100.0,1000,-0.4254110869766539
func3C,1023,dial,keep,100.0,50,-0.24792956706569602
func3C,1023,dial,flip,0.0,1000,-0.7164047486533616
func3C,1023,dial,flip,0.0,50,-0.45993268853544417
func3C,1023,dial,flip,1.0,1000,-0.7051482348640646
func3C,1023,dial,flip,1.0,50,-0.5615879337308369
func3C,1023,dial,flip,3.0,1000,-0.70003304836098
func3C,1023,dial,flip,3.0,50,-0.6164684826098588
func3C,1023,dial,flip,10.0,1000,-0.6701330140961197
func3C,1023,dial,flip,10.0,50,-0.11398930913595179
func3C,1023,dial,flip,30.0,1000,-0.42722788423449687
func3C,1023,dial,flip,30.0,50,0.11220685775965715
func3C,1023,dial,flip,100.0,1000,-0.41638782534000274
func3C,1023,dial,flip,100.0,50,-0.21908612714783723
func3C,1023,tpe_shared,own,-1,-1,-0.41293484679683645
func3C,1024,dial,keep,0.0,1000,-0.722138722345078
func3C,1024,dial,keep,0.0,50,-0.7221345795155267
func3C,1024,dial,keep,1.0,1000,-0.7218617797276026
func3C,1024,dial,keep,1.0,50,-0.603137293098885
func3C,1024,dial,keep,3.0,1000,-0.22474254679465994
func3C,1024,dial,keep,3.0,50,-0.7214481530527169
func3C,1024,dial,keep,10.0,1000,-0.6530901357999008
func3C,1024,dial,keep,10.0,50,-0.7184910907974362
func3C,1024,dial,keep,30.0,1000,-0.25235249641965174
func3C,1024,dial,keep,30.0,50,-0.058593316455892094
func3C,1024,dial,keep,100.0,1000,-0.19829267436976045
func3C,1024,dial,keep,100.0,50,-0.058593316455892094
func3C,1024,dial,flip,0.0,1000,-0.7068773174816907
func3C,1024,dial,flip,0.0,50,-0.6464129131925345
func3C,1024,dial,flip,1.0,1000,-0.7085035676861466
func3C,1024,dial,flip,1.0,50,-0.6270115257257846
func3C,1024,dial,flip,3.0,1000,-0.6729197569940166
func3C,1024,dial,flip,3.0,50,-0.3938720205192732
func3C,1024,dial,flip,10.0,1000,-0.058593316455892094
func3C,1024,dial,flip,10.0,50,-0.7007522356563098
func3C,1024,dial,flip,30.0,1000,-0.44947148753698757
func3C,1024,dial,flip,30.0,50,-0.17242680691747733
func3C,1024,dial,flip,100.0,1000,-0.24599537313812886
func3C,1024,dial,flip,100.0,50,-0.058593316455892094
func3C,1024,tpe_shared,own,-1,-1,-0.43061142578961614
func3C,1025,dial,keep,0.0,1000,-0.7221396164400395
func3C,1025,dial,keep,0.0,50,-0.7221159627037099
func3C,1025,dial,keep,1.0,1000,-0.7139652634846887
func3C,1025,dial,keep,1.0,50,-0.7220477920866704
func3C,1025,dial,keep,3.0,1000,-0.7059003222599817
func3C,1025,dial,keep,3.0,50,-0.40298769755172775
func3C,1025,dial,keep,10.0,1000,-0.7176435400425667
func3C,1025,dial,keep,10.0,50,-0.4418878649787913
func3C,1025,dial,keep,30.0,1000,-0.05243303841810987
func3C,1025,dial,keep,30.0,50,-0.35054660697158957
func3C,1025,dial,keep,100.0,1000,0.04034455076818767
func3C,1025,dial,keep,100.0,50,0.008253691451017453
func3C,1025,dial,flip,0.0,1000,-0.7142551669697748
func3C,1025,dial,flip,0.0,50,-0.6117612006768853
func3C,1025,dial,flip,1.0,1000,-0.5326920485001958
func3C,1025,dial,flip,1.0,50,-0.5332234557262028
func3C,1025,dial,flip,3.0,1000,0.04260541708419924
func3C,1025,dial,flip,3.0,50,0.043107196623861394
func3C,1025,dial,flip,10.0,1000,-0.42880736469343306
func3C,1025,dial,flip,10.0,50,-0.08074695924048284
func3C,1025,dial,flip,30.0,1000,-0.2915839510522611
func3C,1025,dial,flip,30.0,50,0.014423973231793757
func3C,1025,dial,flip,100.0,1000,-0.44783710795201903
func3C,1025,dial,flip,100.0,50,-0.21653185445368367
func3C,1025,tpe_shared,own,-1,-1,-0.33331615356717903
