objective,seed,surrogate,generator,dedup,best_b10,best_b40,best_b80,revisits
func2C,1001,gp,keep,combination,0.10977249077219584,-0.14046544402167974,-0.15489333298343752,0
func2C,1001,gp,keep,encoding,0.09867142326704693,0.037199569825069514,0.008545578585790546,0
func2C,1001,gp,flip,combination,0.12250753395465469,-0.029095304525082667,-0.1922036184392637,0
func2C,1001,gp,flip,encoding,0.15137218941378902,0.006144244206043245,0.006144244206043245,0
func2C,1001,rf,keep,combination,0.12154922585344045,-0.012464652060846926,-0.014253727059543997,0
func2C,1001,rf,keep,encoding,0.012797962017183737,0.0016654649234728452,-0.1856389099728405,0
func2C,1001,rf,flip,combination,0.12192795094298042,0.03692467729260038,-0.040139902401167694,0
func2C,1001,rf,flip,encoding,0.19226749125788953,0.01824233139691611,0.005994174647702667,0
func2C,1001,tpe,own,own,-0.006897107756833254,-0.15586818705633335,-0.18900009296194947,0
func2C,1001,random,random,combination,0.19489144393457,0.003532269293505544,-0.023261080269418706,0
func2C,1002,gp,keep,combination,0.05860024949535539,0.0010294912859618833,0.0010294912859618833,0
func2C,1002,gp,keep,encoding,0.018221972603541803,0.0025791111181195088,-0.09783640386104527,0
func2C,1002,gp,flip,combination,0.04718149467754926,0.0038150741270383173,0.0038150741270383173,0
func2C,1002,gp,flip,encoding,0.17610604481720388,-0.04806486024922677,-0.18595269345984028,0
func2C,1002,rf,keep,combination,0.36218382306313013,-0.14739944965508486,-0.1976679831372335,0
func2C,1002,rf,keep,encoding,0.010191829147714264,-0.09947057700396986,-0.09947057700396986,0
func2C,1002,rf,flip,combination,0.16976346881502072,-0.02828238241901713,-0.14855663226536767,0
func2C,1002,rf,flip,encoding,0.19667198582304815,-0.19436307463148103,-0.19436307463148103,0
func2C,1002,tpe,own,own,0.039504355257861196,0.03568482434577888,0.026159341701065993,0
func2C,1002,random,random,combination,0.05762549534211587,0.022267352875359095,0.003375661286826559,0
func2C,1003,gp,keep,combination,-0.062003444375547966,-0.062003444375547966,-0.18520819742292635,0
func2C,1003,gp,keep,encoding,0.044877951622478596,0.02206930121805208,0.0002444570547414371,0
func2C,1003,gp,flip,combination,0.044877951622478596,0.044877951622478596,0.03099545080354273,0
func2C,1003,gp,flip,encoding,0.044877951622478596,0.0228109659351603,0.0033128499869363,0
func2C,1003,rf,keep,combination,0.044877951622478596,0.01982030521691152,-0.02132074271905433,0
func2C,1003,rf,keep,encoding,0.044877951622478596,0.044877951622478596,0.044877951622478596,0
func2C,1003,rf,flip,combination,0.044877951622478596,0.025486531915569398,0.010372856951123999,0
func2C,1003,rf,flip,encoding,0.044877951622478596,-0.08951268626101641,-0.08951268626101641,0
func2C,1003,tpe,own,own,0.11566880237998803,0.051126074194026,0.03146164648963487,0
func2C,1003,random,random,combination,0.044877951622478596,0.044877951622478596,0.04001974849946174,0
func2C,1004,gp,keep,combination,-0.20499182133468516,-0.20499182133468516,-0.20499182133468516,0
func2C,1004,gp,keep,encoding,-0.20499182133468516,-0.20499182133468516,-0.20499182133468516,0
func2C,1004,gp,flip,combination,-0.20499182133468516,-0.20499182133468516,-0.20499182133468516,0
func2C,1004,gp,flip,encoding,-0.20499182133468516,-0.20499182133468516,-0.20499182133468516,0
func2C,1004,rf,keep,combination,-0.20499182133468516,-0.20499182133468516,-0.20499182133468516,0
func2C,1004,rf,keep,encoding,-0.20499182133468516,-0.20499182133468516,-0.20499182133468516,0
func2C,1004,rf,flip,combination,-0.20499182133468516,-0.20499182133468516,-0.20499182133468516,0
func2C,1004,rf,flip,encoding,-0.20499182133468516,-0.20499182133468516,-0.20499182133468516,0
func2C,1004,tpe,own,own,0.012524456591103416,0.0066415124399188535,0.0037761371218667664,0
func2C,1004,random,random,combination,-0.20499182133468516,-0.20499182133468516,-0.20499182133468516,0
func2C,1005,gp,keep,combination,-0.1745899419052034,-0.1745899419052034,-0.1896806758709127,0
func2C,1005,gp,keep,encoding,0.18824961115636812,0.18824961115636812,-0.0003943862053756075,0
func2C,1005,gp,flip,combination,-0.03480006186776342,-0.06544490025132774,-0.06544490025132774,0
func2C,1005,gp,flip,encoding,-0.1673282180718984,-0.18685468560147522,-0.2055407786520326,0
func2C,1005,rf,keep,combination,0.18824961115636812,0.12726677920214988,0.0688151576086329,0
func2C,1005,rf,keep,encoding,0.13789354902714132,0.024727599799534983,-0.008202921274684494,0
func2C,1005,rf,flip,combination,0.08170237565410335,0.06834143600174863,-0.18745102371246433,0
func2C,1005,rf,flip,encoding,0.1256832466232542,-0.034687633415342714,-0.034687633415342714,0
func2C,1005,tpe,own,own,0.16333630518383635,0.16333630518383635,0.0007335373878210679,0
func2C,1005,random,random,combination,0.18824961115636812,0.06486881993499702,0.06486881993499702,0
func2C,1006,gp,keep,combination,0.06343210622382017,-0.1525501318500751,-0.1525501318500751,0
func2C,1006,gp,keep,encoding,-0.007855315263183034,-0.007855315263183034,-0.02223327263703272,0
func2C,1006,gp,flip,combination,-0.001951360770999189,-0.001951360770999189,-0.001951360770999189,0
func2C,1006,gp,flip,encoding,0.022324094486473066,-0.16223978980009834,-0.1907454706198179,0
func2C,1006,rf,keep,combination,0.10197055428914452,0.021382956061285395,0.021299418068011097,0
func2C,1006,rf,keep,encoding,0.10197055428914452,0.05194859661796496,0.02708657890242886,0
func2C,1006,rf,flip,combination,0.10197055428914452,0.0818711796096579,0.048334342817931496,0
func2C,1006,rf,flip,encoding,0.10197055428914452,0.01995868908642224,0.01995868908642224,0
func2C,1006,tpe,own,own,-0.1415502436012809,-0.15081695256995492,-0.18404968765530355,0
func2C,1006,random,random,combination,0.10197055428914452,0.03420402170374034,0.000899218343601179,0
func2C,1007,gp,keep,combination,0.00043007008070430897,0.0002309717094306496,-0.030692439589306543,0
func2C,1007,gp,keep,encoding,0.006202555764331888,0.0027925009297061973,0.0027925009297061973,0
func2C,1007,gp,flip,combination,0.006202555764331888,0.006202555764331888,0.0027103741421359703,0
func2C,1007,gp,flip,encoding,0.006202555764331888,0.006202555764331888,0.0014589698938118206,0
func2C,1007,rf,keep,combination,-0.11563463925984532,-0.18577931223484714,-0.18577931223484714,0
func2C,1007,rf,keep,encoding,0.006202555764331888,0.0010787107585031597,-0.14028988826835645,0
func2C,1007,rf,flip,combination,-0.19749363586235408,-0.19749363586235408,-0.19749363586235408,0
func2C,1007,rf,flip,encoding,-0.18449190091369153,-0.18449190091369153,-0.18449190091369153,0
func2C,1007,tpe,own,own,0.03550231829410486,0.027955920868291118,0.021022068787073227,0
func2C,1007,random,random,combination,0.006202555764331888,0.006202555764331888,-0.010765743207887946,0
func2C,1008,gp,keep,combination,0.05992783239749496,-0.15917154710870768,-0.20074645528538948,0
func2C,1008,gp,keep,encoding,0.05992783239749496,-0.19693914114261143,-0.19693914114261143,0
func2C,1008,gp,flip,combination,0.05992783239749496,0.016387761757357615,-0.10964203165575119,0
func2C,1008,gp,flip,encoding,0.048516163884698676,-0.03155417844798503,-0.03155417844798503,0
func2C,1008,rf,keep,combination,0.05992783239749496,0.05571865606283221,0.02100177660395082,0
func2C,1008,rf,keep,encoding,0.05992783239749496,0.05992783239749496,0.017590290123389002,0
func2C,1008,rf,flip,combination,0.0440454220299045,0.0440454220299045,0.0440454220299045,0
func2C,1008,rf,flip,encoding,0.05992783239749496,0.04726512548097219,0.04726512548097219,0
func2C,1008,tpe,own,own,0.1105522793788785,0.09144260587214664,0.013299959673143836,0
func2C,1008,random,random,combination,0.05992783239749496,0.05634364301931718,0.05634364301931718,0
func2C,1009,gp,keep,combination,0.01575269327520799,-0.0514587683439847,-0.17654198976160587,0
func2C,1009,gp,keep,encoding,-0.01312180289799012,-0.01312180289799012,-0.01312180289799012,0
func2C,1009,gp,flip,combination,0.0043422847975471,-0.1291414768066535,-0.1875572821094309,0
func2C,1009,gp,flip,encoding,0.026744613120933947,0.0027831017151509815,0.0027831017151509815,0
func2C,1009,rf,keep,combination,0.033823107809827314,-0.016991833862675665,-0.016991833862675665,0
func2C,1009,rf,keep,encoding,0.033823107809827314,0.033823107809827314,0.033823107809827314,0
func2C,1009,rf,flip,combination,0.033823107809827314,0.033823107809827314,0.024022187424988132,0
func2C,1009,rf,flip,encoding,0.033823107809827314,0.033823107809827314,0.033823107809827314,0
func2C,1009,tpe,own,own,0.11556743551897689,0.00351326011211077,0.0005953142366911246,0
func2C,1009,random,random,combination,0.033823107809827314,0.0028853956120829553,0.0028853956120829553,0
func2C,1010,gp,keep,combination,0.07419583385305627,0.030021991868000114,0.030021991868000114,0
func2C,1010,gp,keep,encoding,0.1899311600943728,0.02401646684252939,0.02401646684252939,0
func2C,1010,gp,flip,combination,0.1658186312340859,0.0215077091152944,0.0215077091152944,0
func2C,1010,gp,flip,encoding,0.22969127427946814,0.02807689127457004,0.016217442770763323,0
func2C,1010,rf,keep,combination,0.16498557251501128,0.002971096631562708,-0.1623683851304972,0
func2C,1010,rf,keep,encoding,0.22969127427946814,-0.1644286088088431,-0.1644286088088431,0
func2C,1010,rf,flip,combination,0.10572995380077602,-0.0016796361312326092,-0.12812707757855016,0
func2C,1010,rf,flip,encoding,0.047440952073304656,-0.09851695517700858,-0.15258325586420404,0
func2C,1010,tpe,own,own,0.05461038723984277,0.021310282106581056,0.0024204406539022824,0
func2C,1010,random,random,combination,0.004051898986530231,0.004051898986530231,-0.1074403928883377,0
func2C,1011,gp,keep,combination,-0.1529116567927834,-0.18893136353308676,-0.2022801418026509,0
func2C,1011,gp,keep,encoding,-0.1529116567927834,-0.1529116567927834,-0.18602394962673335,0
func2C,1011,gp,flip,combination,-0.1529116567927834,-0.1529116567927834,-0.18549090310475888,0
func2C,1011,gp,flip,encoding,-0.1529116567927834,-0.1529116567927834,-0.20134058761256735,0
func2C,1011,rf,keep,combination,-0.1529116567927834,-0.1529116567927834,-0.1529116567927834,0
func2C,1011,rf,keep,encoding,-0.1529116567927834,-0.1529116567927834,-0.1529116567927834,0
func2C,1011,rf,flip,combination,-0.1529116567927834,-0.1529116567927834,-0.1529116567927834,0
func2C,1011,rf,flip,encoding,-0.1529116567927834,-0.1529116567927834,-0.1529116567927834,0
func2C,1011,tpe,own,own,0.011088785610955752,0.0009333516330492649,0.0004993568888764242,0
func2C,1011,random,random,combination,-0.1529116567927834,-0.1529116567927834,-0.1529116567927834,0
func2C,1012,gp,keep,combination,0.1372156229199456,-0.12728691124199115,-0.19388510575878615,0
func2C,1012,gp,keep,encoding,0.06937291708379799,0.06937291708379799,0.00775893379880982,0
func2C,1012,gp,flip,combination,0.18827866584099914,0.18827866584099914,-0.026171504863162054,0
func2C,1012,gp,flip,encoding,0.16473181179910484,0.14513940053190616,-0.10467466002013408,0
func2C,1012,rf,keep,combination,0.10597506921704963,-0.035688349312540966,-0.035688349312540966,0
func2C,1012,rf,keep,encoding,0.012781854823685185,-0.1512619965646667,-0.1512619965646667,0
func2C,1012,rf,flip,combination,0.14264636612809817,-0.0019102045602479272,-0.20398489404635659,0
func2C,1012,rf,flip,encoding,-0.10302351717176976,-0.10302351717176976,-0.10302351717176976,0
func2C,1012,tpe,own,own,0.06702994074959696,0.06702994074959696,0.06702994074959696,0
func2C,1012,random,random,combination,0.03524648379998639,0.03146888043334009,0.03146888043334009,0
func2C,1013,gp,keep,combination,0.022918704026849132,0.00029788395824947275,-0.13083612926260138,0
func2C,1013,gp,keep,encoding,0.06288177604288588,0.007273844710904796,-0.1333733400952176,0
func2C,1013,gp,flip,combination,0.011727009668366012,-0.06067081708571529,-0.06067081708571529,0
func2C,1013,gp,flip,encoding,0.07859770078547985,0.01883086326436366,0.006085897609298466,0
func2C,1013,rf,keep,combination,0.07859770078547985,0.007823843824685883,0.007823843824685883,0
func2C,1013,rf,keep,encoding,0.07859770078547985,0.0752679105832618,0.0752679105832618,0
func2C,1013,rf,flip,combination,0.07859770078547985,0.0057436050031239635,-0.03703972204578119,0
func2C,1013,rf,flip,encoding,0.07859770078547985,0.02815995340650269,0.007199139370705433,0
func2C,1013,tpe,own,own,0.019793022515149073,0.019793022515149073,-0.194812897139619,0
func2C,1013,random,random,combination,0.07859770078547985,0.03947779026239043,0.00912027922861923,0
func2C,1014,gp,keep,combination,0.21196647065816784,0.0017983775008597342,-0.14671643941408796,0
func2C,1014,gp,keep,encoding,0.18402812611080419,0.01734202939911357,-0.13279325953082471,0
func2C,1014,gp,flip,combination,0.10365118955245539,0.025155182027616133,0.021272983968383837,0
func2C,1014,gp,flip,encoding,0.21196647065816784,0.08198182588352562,-0.004373139760700436,0
func2C,1014,rf,keep,combination,0.001566167798400648,-0.20219475397004188,-0.20219475397004188,0
func2C,1014,rf,keep,encoding,0.016325464660872098,0.0039612094331090975,-0.0490911306692408,0
func2C,1014,rf,flip,combination,0.03106489389985599,-0.1447936088060505,-0.1447936088060505,0
func2C,1014,rf,flip,encoding,0.03031306767214638,-0.11119284989746273,-0.11119284989746273,0
func2C,1014,tpe,own,own,0.2505118543951656,0.03747933499756536,0.0004186819620761866,0
func2C,1014,random,random,combination,0.05423736288731471,0.007480361229770711,0.007480361229770711,0
func2C,1015,gp,keep,combination,-0.10267381128707811,-0.1086628699639445,-0.19663128054372614,0
func2C,1015,gp,keep,encoding,-0.14451949613558707,-0.14451949613558707,-0.14451949613558707,0
func2C,1015,gp,flip,combination,-0.1603492925386688,-0.1603492925386688,-0.1603492925386688,0
func2C,1015,gp,flip,encoding,0.15420552856583963,-0.08273234302681147,-0.16582411266983302,0
func2C,1015,rf,keep,combination,0.11066266878064675,-0.03980466616323193,-0.03980466616323193,0
func2C,1015,rf,keep,encoding,0.06843138599059091,-0.07589220522697367,-0.07589220522697367,0
func2C,1015,rf,flip,combination,0.03059839049430546,-0.1426762297576329,-0.1426762297576329,0
func2C,1015,rf,flip,encoding,-0.06893806522937221,-0.06893806522937221,-0.06893806522937221,0
func2C,1015,tpe,own,own,0.009336081014632729,0.009336081014632729,-0.1992315819546366,0
func2C,1015,random,random,combination,0.15420552856583963,-0.0956259672957795,-0.0956259672957795,0
func2C,1016,gp,keep,combination,0.13333729169699038,0.025500745082211815,0.025500745082211815,0
func2C,1016,gp,keep,encoding,0.10611564636693109,0.05898373859996663,-0.13224732162297975,0
func2C,1016,gp,flip,combination,0.12315591927861816,0.09165630023989398,0.022981066766136225,0
func2C,1016,gp,flip,encoding,0.02100579223949327,0.02100579223949327,0.02100579223949327,0
func2C,1016,rf,keep,combination,0.11592910580556655,-0.14443878159330925,-0.14443878159330925,0
func2C,1016,rf,keep,encoding,0.13333729169699038,0.0698352034418725,0.06510674472492602,0
func2C,1016,rf,flip,combination,-0.03221885773901765,-0.03221885773901765,-0.03221885773901765,0
func2C,1016,rf,flip,encoding,0.13333729169699038,0.03895380245136788,0.0005017015884355366,0
func2C,1016,tpe,own,own,0.121822910575465,0.03753207273681467,0.0013226820554233713,0
func2C,1016,random,random,combination,0.13333729169699038,-0.02690218260117231,-0.09109713562468438,0
func2C,1017,gp,keep,combination,0.056173005095979486,0.030422189459372962,0.01314063722300364,0
func2C,1017,gp,keep,encoding,0.06542584504997055,0.023409786284734366,-0.02344314268874518,0
func2C,1017,gp,flip,combination,0.1564384210373076,0.03627852550508447,-0.11818256866666757,0
func2C,1017,gp,flip,encoding,0.17830035138914738,0.024497462313015764,-0.027236377678414025,0
func2C,1017,rf,keep,combination,0.1680751074895922,0.13775439568341924,-0.03647194653453798,0
func2C,1017,rf,keep,encoding,0.3331876912833267,0.08776757315648469,0.08324666568385782,0
func2C,1017,rf,flip,combination,0.13375597514141255,0.04791996521116384,0.03554653068488872,0
func2C,1017,rf,flip,encoding,0.13223823638780904,-0.005375833306881406,-0.16077851847222166,0
func2C,1017,tpe,own,own,0.08911603285483188,-0.05867895380732309,-0.20402324385688148,0
func2C,1017,random,random,combination,0.297233771130899,0.09150192324277749,0.04850631478261171,0
func2C,1018,gp,keep,combination,-0.13056524505830788,-0.13056524505830788,-0.18433470626138299,0
func2C,1018,gp,keep,encoding,-0.13056524505830788,-0.13056524505830788,-0.19174464223530727,0
func2C,1018,gp,flip,combination,-0.13056524505830788,-0.13056524505830788,-0.20476199268240905,0
func2C,1018,gp,flip,encoding,-0.13056524505830788,-0.13056524505830788,-0.17212068056304675,0
func2C,1018,rf,keep,combination,-0.13056524505830788,-0.20491415127324522,-0.20491415127324522,0
func2C,1018,rf,keep,encoding,-0.14902556933501573,-0.14902556933501573,-0.14902556933501573,0
func2C,1018,rf,flip,combination,-0.13056524505830788,-0.13056524505830788,-0.15026736052869002,0
func2C,1018,rf,flip,encoding,-0.1489974289021147,-0.1489974289021147,-0.1489974289021147,0
func2C,1018,tpe,own,own,0.10858318954135213,-0.1956934643277722,-0.1956934643277722,0
func2C,1018,random,random,combination,-0.13056524505830788,-0.13056524505830788,-0.13056524505830788,0
func2C,1019,gp,keep,combination,0.06352656083301939,-0.026707923077089624,-0.026707923077089624,0
func2C,1019,gp,keep,encoding,0.13206147689321332,0.021346026357823674,0.0035853385499613147,0
func2C,1019,gp,flip,combination,0.22721022677070363,-0.11643518105113455,-0.11643518105113455,0
func2C,1019,gp,flip,encoding,0.19522331179034644,0.15742369968831876,-0.10910780495655152,0
func2C,1019,rf,keep,combination,0.018554591905222184,-0.20410116849263948,-0.20410116849263948,0
func2C,1019,rf,keep,encoding,0.09728981214413167,0.008665995841388652,-0.14133431520106712,0
func2C,1019,rf,flip,combination,0.0808944723026908,0.05639093293556432,0.05639093293556432,0
func2C,1019,rf,flip,encoding,0.11928613911405318,0.10652986426466879,-0.17977116222426454,0
func2C,1019,tpe,own,own,0.145503830001599,0.07825868083349176,0.03896556031877567,0
func2C,1019,random,random,combination,-0.043751432214438134,-0.15740255848741738,-0.15740255848741738,0
func2C,1020,gp,keep,combination,0.04480175310254016,0.04480175310254016,0.03149998127779999,0
func2C,1020,gp,keep,encoding,0.21070731067662535,0.06931542536418572,0.06931542536418572,0
func2C,1020,gp,flip,combination,0.13665779743346906,0.05207878073997547,0.0219392987315939,0
func2C,1020,gp,flip,encoding,0.21070731067662535,0.05792300419830068,0.02132535671904384,0
func2C,1020,rf,keep,combination,-0.19229455790185623,-0.1995878719476371,-0.1995878719476371,0
func2C,1020,rf,keep,encoding,0.09186937782014018,0.0022922861515519144,-0.042973559990047705,0
func2C,1020,rf,flip,combination,-0.12732845064702447,-0.15267769353369623,-0.15267769353369623,0
func2C,1020,rf,flip,encoding,0.08518468824345352,0.08518468824345352,0.014092647811120825,0
func2C,1020,tpe,own,own,0.09122194270208926,0.0570239423940657,0.05607466035854058,0
func2C,1020,random,random,combination,0.04735866402933809,-0.005092809784281773,-0.005092809784281773,0
func2C,1021,gp,keep,combination,-0.1771738848025153,-0.1771738848025153,-0.20329027502877667,0
func2C,1021,gp,keep,encoding,0.047384265393942984,-0.008746851118169951,-0.008746851118169951,0
func2C,1021,gp,flip,combination,0.0029307170137545663,-0.0019016073204271046,-0.09489682785919014,0
func2C,1021,gp,flip,encoding,-0.0038486108654966515,-0.0038486108654966515,-0.05044392558775508,0
func2C,1021,rf,keep,combination,0.047384265393942984,0.014636807233393567,-0.031090583583276165,0
func2C,1021,rf,keep,encoding,-0.1403327285456263,-0.1403327285456263,-0.1403327285456263,0
func2C,1021,rf,flip,combination,0.017461499623157527,-0.1520273664664878,-0.1520273664664878,0
func2C,1021,rf,flip,encoding,0.005924271358819143,0.0033705389825000377,0.0033705389825000377,0
func2C,1021,tpe,own,own,0.07331567460758215,-0.12807980112895673,-0.19663841265432888,0
func2C,1021,random,random,combination,0.047384265393942984,0.047384265393942984,0.047384265393942984,0
func2C,1022,gp,keep,combination,0.027484874716935864,0.003998220774603611,0.003998220774603611,0
func2C,1022,gp,keep,encoding,0.13644642877678592,0.0014348287352466387,-0.141124508199939,0
func2C,1022,gp,flip,combination,0.0001065636548711335,0.0001065636548711335,0.0001065636548711335,0
func2C,1022,gp,flip,encoding,0.184183628034422,-0.08886352856495479,-0.19850708783303267,0
func2C,1022,rf,keep,combination,0.008531564786909668,0.0017588261813748854,0.0017588261813748854,0
func2C,1022,rf,keep,encoding,0.21864468944461993,0.07656380383716722,0.025065248736204176,0
func2C,1022,rf,flip,combination,-0.20479034639401644,-0.20479034639401644,-0.20479034639401644,0
func2C,1022,rf,flip,encoding,-0.2033881174356925,-0.2033881174356925,-0.2033881174356925,0
func2C,1022,tpe,own,own,0.08469650480833332,0.009387779395664741,0.00048683264905171816,0
func2C,1022,random,random,combination,0.25593562524733343,0.015621604719248717,0.015621604719248717,0
func2C,1023,gp,keep,combination,0.20272736046860407,0.18367574226087707,-0.20610060245105322,0
func2C,1023,gp,keep,encoding,0.4408849004936978,0.002432317083457333,-0.08494507894319317,0
func2C,1023,gp,flip,combination,-0.02083893644602399,-0.025732525114392436,-0.1656254532580328,0
func2C,1023,gp,flip,encoding,0.24507097599752642,0.016263034450158483,-0.011300272075535035,0
func2C,1023,rf,keep,combination,0.04933981223427977,0.02186436422615054,0.009703687745493883,0
func2C,1023,rf,keep,encoding,0.05191347662414724,0.049315946649007555,-0.01931121713996804,0
func2C,1023,rf,flip,combination,0.07363966655121144,0.03277992611679587,0.021079973374299323,0
func2C,1023,rf,flip,encoding,0.10540250153554283,0.08522639154786554,-0.08113896097820045,0
func2C,1023,tpe,own,own,-0.05166593388469236,-0.18483339319478337,-0.2062703004013414,0
func2C,1023,random,random,combination,0.2283591052007047,-0.09069749407719753,-0.11458825197655312,0
func2C,1024,gp,keep,combination,0.051678945118018786,0.02506373233903991,0.02506373233903991,0
func2C,1024,gp,keep,encoding,0.14849573363371785,0.02304262836072788,0.0025563249405498403,0
func2C,1024,gp,flip,combination,0.04267845376693955,0.04267845376693955,0.025180886292228245,0
func2C,1024,gp,flip,encoding,0.021621796457707964,0.02111269675856156,0.02111269675856156,0
func2C,1024,rf,keep,combination,0.21768076338195907,0.07718507987331846,-0.015264505487623769,0
func2C,1024,rf,keep,encoding,0.18756301932682942,-0.05897326433302523,-0.1883716576588664,0
func2C,1024,rf,flip,combination,0.21768076338195907,0.1429032955334042,-0.1361321541572238,0
func2C,1024,rf,flip,encoding,0.20251156111962199,0.1429421385292764,0.035991159175524666,0
func2C,1024,tpe,own,own,0.014612894384765839,0.0055647007155370295,0.001295670700901616,0
func2C,1024,random,random,combination,0.1947274676085203,0.040060719372565126,0.02817653057791206,0
func2C,1025,gp,keep,combination,0.21221159234447118,0.10787689188081111,0.03409606606312087,0
func2C,1025,gp,keep,encoding,0.1197605915447492,0.06276712213271517,-0.08942011648001866,0
func2C,1025,gp,flip,combination,0.21017457495935754,0.05780827542184595,0.021018982055875025,0
func2C,1025,gp,flip,encoding,0.204619395131226,0.05488061825733093,-0.15171094705363075,0
func2C,1025,rf,keep,combination,0.10719738629284485,0.04210692782708992,-0.17706684115415916,0
func2C,1025,rf,keep,encoding,0.09383211513680699,0.058002523695895626,-0.042189186834518264,0
func2C,1025,rf,flip,combination,0.0322425632101141,-0.01045366723938248,-0.01045366723938248,0
func2C,1025,rf,flip,encoding,0.07095863910026574,0.05009682364721155,-0.06137009907696182,0
func2C,1025,tpe,own,own,-0.1047135165250308,-0.12781753422360392,-0.1480682470939745,0
func2C,1025,random,random,combination,0.03499272734647578,-0.18552935697713435,-0.18552935697713435,0
func3C,1001,gp,keep,combination,0.0942688296577383,-0.09836203122167092,-0.16953412653539027,0
func3C,1001,gp,keep,encoding,-0.15557934993706363,-0.15557934993706363,-0.34014189533359085,0
func3C,1001,gp,flip,combination,0.034203165657512885,-0.19396325785531648,-0.6434824546496802,0
func3C,1001,gp,flip,encoding,-0.0004038762380633165,-0.35629866041787156,-0.5897956272555185,0
func3C,1001,rf,keep,combination,0.19254374040957323,0.19254374040957323,-0.00744383411151156,0
func3C,1001,rf,keep,encoding,0.7331398135409253,-0.2173396935786606,-0.32854882171075833,0
func3C,1001,rf,flip,combination,-0.2673310858820547,-0.45247288719376866,-0.45247288719376866,0
func3C,1001,rf,flip,encoding,0.0768172940670615,0.04295224671082348,0.0038592890490665244,0
func3C,1001,tpe,own,own,-1.6371436966089448e-05,-0.3962269182050657,-0.6916167808403684,0
func3C,1001,random,random,combination,0.5165814651949417,0.21991365513610817,0.04819973403367604,0
func3C,1002,gp,keep,combination,-0.06072659998632496,-0.06072659998632496,-0.10799739145917653,0
func3C,1002,gp,keep,encoding,-0.06072659998632496,-0.06072659998632496,-0.08867026908735748,0
func3C,1002,gp,flip,combination,-0.06072659998632496,-0.06072659998632496,-0.06072659998632496,0
func3C,1002,gp,flip,encoding,-0.06072659998632496,-0.06072659998632496,-0.06072659998632496,0
func3C,1002,rf,keep,combination,-0.06072659998632496,-0.33917899077301583,-0.33917899077301583,0
func3C,1002,rf,keep,encoding,-0.1405577195418247,-0.43937511599723256,-0.43937511599723256,0
func3C,1002,rf,flip,combination,-0.06072659998632496,-0.3787890691981529,-0.3787890691981529,0
func3C,1002,rf,flip,encoding,-0.22878547792849663,-0.27970524916931677,-0.29588305569146184,0
func3C,1002,tpe,own,own,-0.2962174305850723,-0.2962174305850723,-0.6311153877531295,0
func3C,1002,random,random,combination,-0.06072659998632496,-0.06072659998632496,-0.06072659998632496,0
func3C,1003,gp,keep,combination,0.3045998352942189,-0.3091803948554853,-0.3091803948554853,0
func3C,1003,gp,keep,encoding,0.38669272942670774,0.16789560092108669,0.06274855193227663,0
func3C,1003,gp,flip,combination,0.28169026362591776,0.06514222180438048,0.06514222180438048,0
func3C,1003,gp,flip,encoding,0.41523101671783347,0.2453793376194194,-0.23312923009118816,0
func3C,1003,rf,keep,combination,0.12564751769764665,-0.44794162568329415,-0.44794162568329415,0
func3C,1003,rf,keep,encoding,0.35454285453778794,0.04301569733463957,0.04301569733463957,0
func3C,1003,rf,flip,combination,0.08479589202872784,-0.36637709943495633,-0.36637709943495633,0
func3C,1003,rf,flip,encoding,0.23995790788623164,0.0015293666420278657,0.0015293666420278657,0
func3C,1003,tpe,own,own,0.2539286414355379,-0.4366984516839005,-0.4565217576957414,0
func3C,1003,random,random,combination,0.41523101671783347,0.2809519315576413,-0.08236491647535615,0
func3C,1004,gp,keep,combination,0.2873209710266343,-0.15426845757628785,-0.15426845757628785,0
func3C,1004,gp,keep,encoding,0.03742462467877077,0.03742462467877077,0.02632716963459994,0
func3C,1004,gp,flip,combination,0.03790008263379734,-0.03879161078334562,-0.420571724477512,0
func3C,1004,gp,flip,encoding,0.08482798720975465,-0.1715826280051338,-0.3977627896879734,0
func3C,1004,rf,keep,combination,0.30141050811081965,-0.31219309964908476,-0.31219309964908476,0
func3C,1004,rf,keep,encoding,0.263148861201963,0.1020573344889492,0.08409064027697431,0
func3C,1004,rf,flip,combination,0.30141050811081965,0.30141050811081965,-0.1926530479717391,0
func3C,1004,rf,flip,encoding,0.30141050811081965,0.15748576928792407,0.08879401688545296,0
func3C,1004,tpe,own,own,0.47051224749406884,0.12099367484360324,-0.3552779629916013,0
func3C,1004,random,random,combination,0.30141050811081965,0.30141050811081965,-0.16451059772689183,0
func3C,1005,gp,keep,combination,0.15775090549889,0.024921367832513697,-0.18970783754256126,0
func3C,1005,gp,keep,encoding,0.06062884619595957,0.03740419186974486,-0.4123505158384588,0
func3C,1005,gp,flip,combination,0.25448007224348224,-0.09088343790306419,-0.36782784595280066,0
func3C,1005,gp,flip,encoding,-0.09226621420040104,-0.09226621420040104,-0.09226621420040104,0
func3C,1005,rf,keep,combination,0.0444056881549008,0.0444056881549008,0.0444056881549008,0
func3C,1005,rf,keep,encoding,0.3026466913299595,0.2371960434290945,0.06612000170382898,0
func3C,1005,rf,flip,combination,0.28477131806259903,0.12117251207983576,-0.0921832661732985,0
func3C,1005,rf,flip,encoding,0.19565535681419466,0.04461019256637418,0.041888402356041785,0
func3C,1005,tpe,own,own,0.050410555475975526,-0.32123148052525746,-0.42614048766777035,0
func3C,1005,random,random,combination,0.3015852055481141,-0.08898789858576768,-0.08898789858576768,0
func3C,1006,gp,keep,combination,0.28481202372239567,0.19011117819383588,0.00350613638527425,0
func3C,1006,gp,keep,encoding,0.28481202372239567,0.28481202372239567,0.007657558325843528,0
func3C,1006,gp,flip,combination,0.11608579748039145,0.06176346933761731,0.06176346933761731,0
func3C,1006,gp,flip,encoding,0.08966299539114121,-0.004914212074859758,-0.004914212074859758,0
func3C,1006,rf,keep,combination,0.10626985663141253,-0.005996055564725211,-0.07867548450015238,0
func3C,1006,rf,keep,encoding,-0.07677635900976723,-0.4364303153581501,-0.4364303153581501,0
func3C,1006,rf,flip,combination,0.28481202372239567,0.2569802523840539,0.11667845561749651,0
func3C,1006,rf,flip,encoding,0.01599726899476535,0.01599726899476535,-0.3594854471111621,0
func3C,1006,tpe,own,own,0.20594499633098834,-0.2633281588984842,-0.2952095359349643,0
func3C,1006,random,random,combination,0.28481202372239567,0.2054804653075683,-0.3297240654499176,0
func3C,1007,gp,keep,combination,0.043843394239738105,0.0005729304257196047,-0.06363977856530462,0
func3C,1007,gp,keep,encoding,0.012802138051721548,-0.6591814080111846,-0.6591814080111846,0
func3C,1007,gp,flip,combination,0.04729941727399657,-0.21464077637104434,-0.21464077637104434,0
func3C,1007,gp,flip,encoding,0.06954691097765026,0.0011055574362046766,0.0011055574362046766,0
func3C,1007,rf,keep,combination,-0.46071818232331635,-0.46071818232331635,-0.46071818232331635,0
func3C,1007,rf,keep,encoding,-0.19844945309854647,-0.2185225574260111,-0.2185225574260111,0
func3C,1007,rf,flip,combination,0.023378954243038895,0.023378954243038895,-0.05416841575784079,0
func3C,1007,rf,flip,encoding,-0.09912701366144402,-0.3670640337408544,-0.4369513868327999,0
func3C,1007,tpe,own,own,0.20560158791989086,0.12033461109635414,0.12033461109635414,0
func3C,1007,random,random,combination,0.23278570243566427,0.23278570243566427,-0.029321043712113692,0
func3C,1008,gp,keep,combination,0.4535545122873529,-0.020158311297724184,-0.23706457787301496,0
func3C,1008,gp,keep,encoding,0.18743026578700056,-0.44628992624253316,-0.44628992624253316,0
func3C,1008,gp,flip,combination,0.06456731594772029,-0.24643232103773696,-0.24643232103773696,0
func3C,1008,gp,flip,encoding,0.012682407172211533,0.012682407172211533,-0.1885596448625958,0
func3C,1008,rf,keep,combination,0.5581410499404665,0.19333266456326237,0.16001237036653518,0
func3C,1008,rf,keep,encoding,-0.01499449037150169,-0.46066997890479444,-0.46066997890479444,0
func3C,1008,rf,flip,combination,0.41673449863614115,0.1291980019206227,-0.04400980606443746,0
func3C,1008,rf,flip,encoding,-0.09719632456692406,-0.37833796386996565,-0.37833796386996565,0
func3C,1008,tpe,own,own,0.06183448441095439,-0.2921157789646605,-0.3160663298677036,0
func3C,1008,random,random,combination,0.36316961824379274,-0.17215430254375283,-0.17215430254375283,0
func3C,1009,gp,keep,combination,0.05405792097404434,0.05405792097404434,-0.06959721842760547,0
func3C,1009,gp,keep,encoding,0.05405792097404434,0.05405792097404434,0.05405792097404434,0
func3C,1009,gp,flip,combination,0.05405792097404434,0.05405792097404434,0.05405792097404434,0
func3C,1009,gp,flip,encoding,0.05405792097404434,0.05405792097404434,-0.07177683761777787,0
func3C,1009,rf,keep,combination,0.05405792097404434,-0.42207509942469323,-0.42207509942469323,0
func3C,1009,rf,keep,encoding,0.05405792097404434,0.05405792097404434,-0.015986100276531714,0
func3C,1009,rf,flip,combination,0.05405792097404434,0.05405792097404434,0.05405792097404434,0
func3C,1009,rf,flip,encoding,0.05405792097404434,0.05405792097404434,0.05405792097404434,0
func3C,1009,tpe,own,own,0.287600520795813,0.20651936119890674,0.08305892044248991,0
func3C,1009,random,random,combination,0.05405792097404434,0.05405792097404434,0.05405792097404434,0
func3C,1010,gp,keep,combination,0.3708189965970185,-0.21639847012724353,-0.346285150154919,0
func3C,1010,gp,keep,encoding,0.23962039224177523,-0.016742823677866003,-0.5626421630593168,0
func3C,1010,gp,flip,combination,0.2069563773496609,0.11177347748684882,-0.4339810526440437,0
func3C,1010,gp,flip,encoding,0.16818202357252582,-0.020741227991624256,-0.3905413358544717,0
func3C,1010,rf,keep,combination,0.2694310007230642,0.20963210430685558,0.04187031760390434,0
func3C,1010,rf,keep,encoding,0.45323005988871806,0.047687469366237537,0.047687469366237537,0
func3C,1010,rf,flip,combination,0.11385501936331532,0.042137642727041374,0.042137642727041374,0
func3C,1010,rf,flip,encoding,0.45323005988871806,0.15853308982434255,0.04848439449557454,0
func3C,1010,tpe,own,own,0.3976759560109725,0.27428623837689153,0.13013878966557632,0
func3C,1010,random,random,combination,0.268467195905883,0.268467195905883,-0.27028277893023295,0
func3C,1011,gp,keep,combination,0.3238082142242806,0.16202940750371886,0.16202940750371886,0
func3C,1011,gp,keep,encoding,0.0537677583665461,0.0537677583665461,0.004453738800138132,0
func3C,1011,gp,flip,combination,0.5009209508347658,0.05441767414874148,-0.31324694756306415,0
func3C,1011,gp,flip,encoding,0.4195415956657228,0.08627312164876152,0.08627312164876152,0
func3C,1011,rf,keep,combination,0.5195093165114523,-0.39552597716349686,-0.39552597716349686,0
func3C,1011,rf,keep,encoding,0.5195093165114523,0.21843962424283492,0.21843962424283492,0
func3C,1011,rf,flip,combination,0.4319947156512717,0.19217200134083595,0.08894397733916057,0
func3C,1011,rf,flip,encoding,0.463507846484308,-0.3515432910530521,-0.4657991852488077,0
func3C,1011,tpe,own,own,0.032982929914239054,-0.181741145904639,-0.28643001406373625,0
func3C,1011,random,random,combination,0.3993470213466057,0.11572965094879578,0.11564388611820876,0
func3C,1012,gp,keep,combination,0.15794890605290113,0.12441043556390385,0.06269378739691182,0
func3C,1012,gp,keep,encoding,0.27486273918747817,0.06240712016467956,0.06240712016467956,0
func3C,1012,gp,flip,combination,0.09778104071352678,0.06733116187557682,-0.2876621318166657,0
func3C,1012,gp,flip,encoding,0.041948636648051464,0.041948636648051464,0.041948636648051464,0
func3C,1012,rf,keep,combination,0.27486273918747817,0.27486273918747817,0.06098076679375719,0
func3C,1012,rf,keep,encoding,0.27486273918747817,0.10083321954131272,0.04192427137863648,0
func3C,1012,rf,flip,combination,0.20557367238051538,-0.14321690834004708,-0.14321690834004708,0
func3C,1012,rf,flip,encoding,0.27486273918747817,0.27486273918747817,0.05086512020252991,0
func3C,1012,tpe,own,own,0.6344055474394151,-0.3856115830128767,-0.3856115830128767,0
func3C,1012,random,random,combination,0.019766406794414326,-0.4226826663292601,-0.4226826663292601,0
func3C,1013,gp,keep,combination,0.37365386776422815,0.19027835235999235,0.1292249018649939,0
func3C,1013,gp,keep,encoding,0.37365386776422815,0.06263285990879984,0.06263285990879984,0
func3C,1013,gp,flip,combination,0.37365386776422815,0.15974045249400914,0.08819162228145966,0
func3C,1013,gp,flip,encoding,0.2992983862637094,0.26679851372688324,0.0709237728078234,0
func3C,1013,rf,keep,combination,0.28329007470439177,-0.18475791631127894,-0.6468931326685972,0
func3C,1013,rf,keep,encoding,0.11075031318170774,0.11075031318170774,0.04744935384460586,0
func3C,1013,rf,flip,combination,-0.07839708117743932,-0.13750778144440307,-0.2747290287319392,0
func3C,1013,rf,flip,encoding,0.37365386776422815,-0.13869209384163297,-0.3783746410906116,0
func3C,1013,tpe,own,own,0.004789582248586506,-0.18492916322698416,-0.7193129105864824,0
func3C,1013,random,random,combination,0.17143629878769645,0.0775678086294623,-0.2904570868435133,0
func3C,1014,gp,keep,combination,0.22773439746036916,0.08579137072104881,0.08105184642779364,0
func3C,1014,gp,keep,encoding,0.45055373110960234,0.08466455367796105,0.01583863758097237,0
func3C,1014,gp,flip,combination,0.26362714996248754,0.14288186418426868,-0.1779217199541678,0
func3C,1014,gp,flip,encoding,0.46652467635259026,-0.30758563072633394,-0.30758563072633394,0
func3C,1014,rf,keep,combination,0.6115696085034182,-0.00556455919577864,-0.20685985117893763,0
func3C,1014,rf,keep,encoding,0.4450543518288912,0.11434604772397783,-0.01771122166300689,0
func3C,1014,rf,flip,combination,0.3434087414944546,0.1071850829739902,0.0662276583232328,0
func3C,1014,rf,flip,encoding,0.3207505029009869,-0.3046130134120845,-0.5031949272732607,0
func3C,1014,tpe,own,own,0.27450234113005373,0.1874750201195685,0.1874750201195685,0
func3C,1014,random,random,combination,0.6115696085034182,0.29562759092064333,-0.24595505596974263,0
func3C,1015,gp,keep,combination,0.23953448292207294,0.05122271640617475,0.05122271640617475,0
func3C,1015,gp,keep,encoding,0.12595852079702305,0.12595852079702305,0.05548415824526677,0
func3C,1015,gp,flip,combination,0.23953448292207294,0.16352940381021974,-0.02753851749236281,0
func3C,1015,gp,flip,encoding,0.15476001902453812,0.15476001902453812,0.15476001902453812,0
func3C,1015,rf,keep,combination,0.23953448292207294,0.0979158357348574,0.07940494333017828,0
func3C,1015,rf,keep,encoding,0.13560850270380354,0.07759362001356843,0.0006295370462548379,0
func3C,1015,rf,flip,combination,0.1350231534170753,0.1350231534170753,0.01364537328555696,0
func3C,1015,rf,flip,encoding,0.12981025086090067,-0.32280475185921786,-0.5006661701085033,0
func3C,1015,tpe,own,own,0.40163156537595407,0.20513994781775435,0.06885694999507985,0
func3C,1015,random,random,combination,-0.6562947274206898,-0.6562947274206898,-0.6562947274206898,0
func3C,1016,gp,keep,combination,-0.3054959422333109,-0.3054959422333109,-0.3054959422333109,0
func3C,1016,gp,keep,encoding,-0.05848465878071046,-0.05848465878071046,-0.24672594588895047,0
func3C,1016,gp,flip,combination,0.16187218403035325,0.05250022449799068,0.006557650278377496,0
func3C,1016,gp,flip,encoding,0.000595657536837213,0.000595657536837213,-0.015802968806549578,0
func3C,1016,rf,keep,combination,-0.007986076389421504,-0.007986076389421504,-0.007986076389421504,0
func3C,1016,rf,keep,encoding,0.4085746336822824,0.3131488975155946,-0.3965507870755555,0
func3C,1016,rf,flip,combination,0.4085746336822824,0.14895567569675608,0.1007670622288204,0
func3C,1016,rf,flip,encoding,0.4085746336822824,0.13878238394602974,0.06307177840308884,0
func3C,1016,tpe,own,own,0.2883377587041146,-0.17147111975375265,-0.3269049173034525,0
func3C,1016,random,random,combination,0.2960948129438136,0.22939945501536516,-0.3634726411139242,0
func3C,1017,gp,keep,combination,0.3219841302981451,0.05077280007480503,0.02547538012971368,0
func3C,1017,gp,keep,encoding,0.09364979824985137,0.04566035057087104,-0.07170489986343148,0
func3C,1017,gp,flip,combination,0.3039925142671199,0.08178571572477233,0.004921821129679546,0
func3C,1017,gp,flip,encoding,0.16510726508635293,0.05331156537005342,0.04312232217162952,0
func3C,1017,rf,keep,combination,0.23411577070878883,-0.050871050866683476,-0.6527605288330786,0
func3C,1017,rf,keep,encoding,0.04200690696734045,0.04200690696734045,0.04197308762193756,0
func3C,1017,rf,flip,combination,-0.10033321216959293,-0.4262978155521666,-0.4262978155521666,0
func3C,1017,rf,flip,encoding,0.216145164411769,-0.39044211167594056,-0.39044211167594056,0
func3C,1017,tpe,own,own,0.07743124865266027,-0.30867325447626875,-0.30867325447626875,0
func3C,1017,random,random,combination,0.272520572916768,0.02094514448497009,0.02094514448497009,0
func3C,1018,gp,keep,combination,-0.432914840173134,-0.432914840173134,-0.432914840173134,0
func3C,1018,gp,keep,encoding,-0.2922475521430719,-0.2922475521430719,-0.2922475521430719,0
func3C,1018,gp,flip,combination,-0.0041004203869741684,-0.2303346812372036,-0.2303346812372036,0
func3C,1018,gp,flip,encoding,-0.03317761554044807,-0.2983654629598701,-0.2983654629598701,0
func3C,1018,rf,keep,combination,0.2669489651914122,-0.20510710870820484,-0.6868818658074947,0
func3C,1018,rf,keep,encoding,0.594808988851629,-0.11714718855543041,-0.17878210251609444,0
func3C,1018,rf,flip,combination,-0.14393541521886688,-0.23621357776962681,-0.2544151341246368,0
func3C,1018,rf,flip,encoding,0.21508487020818384,0.12819718837537605,0.05928146644867227,0
func3C,1018,tpe,own,own,0.5379745879594539,-0.5514208987399705,-0.5514208987399705,0
func3C,1018,random,random,combination,0.33212697570714406,-0.7198640762829707,-0.7198640762829707,0
func3C,1019,gp,keep,combination,-0.22731138139816381,-0.34655515515278545,-0.34655515515278545,0
func3C,1019,gp,keep,encoding,-0.3445345702962802,-0.3445345702962802,-0.3445345702962802,0
func3C,1019,gp,flip,combination,-0.22731138139816381,-0.22731138139816381,-0.4395751886146865,0
func3C,1019,gp,flip,encoding,-0.22731138139816381,-0.22731138139816381,-0.4396665569193721,0
func3C,1019,rf,keep,combination,-0.22731138139816381,-0.22731138139816381,-0.22731138139816381,0
func3C,1019,rf,keep,encoding,-0.22731138139816381,-0.22731138139816381,-0.22731138139816381,0
func3C,1019,rf,flip,combination,-0.22731138139816381,-0.22731138139816381,-0.22731138139816381,0
func3C,1019,rf,flip,encoding,-0.22731138139816381,-0.45816450616314985,-0.45816450616314985,0
func3C,1019,tpe,own,own,-0.22681687556025318,-0.22681687556025318,-0.3162502202316647,0
func3C,1019,random,random,combination,-0.22731138139816381,-0.22731138139816381,-0.22731138139816381,0
func3C,1020,gp,keep,combination,-0.3541256501499512,-0.3541256501499512,-0.5814560096527313,0
func3C,1020,gp,keep,encoding,0.176552729622439,-0.08964054620722971,-0.3266541282022777,0
func3C,1020,gp,flip,combination,0.2790778493655664,0.06120100655649624,0.06120100655649624,0
func3C,1020,gp,flip,encoding,-0.2786625868268845,-0.31413704550770755,-0.31413704550770755,0
func3C,1020,rf,keep,combination,0.2352507131399861,-0.3070443945218887,-0.3070443945218887,0
func3C,1020,rf,keep,encoding,0.20095863937650157,0.20095863937650157,0.11874643782541092,0
func3C,1020,rf,flip,combination,0.17209501271622382,-0.43631920003719105,-0.43631920003719105,0
func3C,1020,rf,flip,encoding,0.4772533718289975,0.14852977957754254,-0.16388462611753588,0
func3C,1020,tpe,own,own,0.2658775093665031,0.0427933354839574,0.04198527137992377,0
func3C,1020,random,random,combination,0.15036030383963245,0.15036030383963245,-0.3120105874001582,0
func3C,1021,gp,keep,combination,-0.19179395631260518,-0.19179395631260518,-0.19179395631260518,0
func3C,1021,gp,keep,encoding,0.14704963512803346,0.07101297405798518,-0.26406805613274487,0
func3C,1021,gp,flip,combination,0.14704963512803346,-0.05862630658780896,-0.05862630658780896,0
func3C,1021,gp,flip,encoding,0.055181239414087424,-0.0089605635434023,-0.0089605635434023,0
func3C,1021,rf,keep,combination,-0.03488081122030218,-0.35310457430631786,-0.35310457430631786,0
func3C,1021,rf,keep,encoding,0.14704963512803346,0.14704963512803346,0.07820726767821558,0
func3C,1021,rf,flip,combination,0.14704963512803346,0.14704963512803346,-0.08224542402515045,0
func3C,1021,rf,flip,encoding,0.14704963512803346,0.14704963512803346,0.0720635298089822,0
func3C,1021,tpe,own,own,0.5029201140792753,0.2798528497940988,0.001358415483194009,0
func3C,1021,random,random,combination,0.14704963512803346,0.14704963512803346,-0.22909755551766148,0
func3C,1022,gp,keep,combination,0.16287622452577272,-0.6701599722614113,-0.6701599722614113,0
func3C,1022,gp,keep,encoding,0.16287622452577272,-0.4458181821951583,-0.4458181821951583,0
func3C,1022,gp,flip,combination,0.16287622452577272,-0.46655738272100455,-0.46655738272100455,0
func3C,1022,gp,flip,encoding,0.16287622452577272,0.09950501154367278,-0.6731848306254156,0
func3C,1022,rf,keep,combination,0.16287622452577272,0.14359563074049314,0.05680696052121436,0
func3C,1022,rf,keep,encoding,0.16287622452577272,0.06205318151242623,-0.6728358310598735,0
func3C,1022,rf,flip,combination,0.16287622452577272,0.12307438494243954,-0.7051554589406303,0
func3C,1022,rf,flip,encoding,0.16287622452577272,0.05724634135835194,0.04854881466949644,0
func3C,1022,tpe,own,own,0.4064370717215711,0.14791246605041178,0.13763987295105948,0
func3C,1022,random,random,combination,0.06947764101058429,0.06947764101058429,0.06947764101058429,0
func3C,1023,gp,keep,combination,0.24649868608569792,0.005767717636856515,-0.1300496728044792,0
func3C,1023,gp,keep,encoding,0.058624004509932506,0.04349918090668997,-0.2918722579788298,0
func3C,1023,gp,flip,combination,0.13923551975768178,0.13923551975768178,-0.6204918313302399,0
func3C,1023,gp,flip,encoding,0.24649868608569792,0.015650670661982894,0.015650670661982894,0
func3C,1023,rf,keep,combination,-0.19331566370658335,-0.19331566370658335,-0.20081115923127993,0
func3C,1023,rf,keep,encoding,0.10865831488711684,0.10865831488711684,0.10865831488711684,0
func3C,1023,rf,flip,combination,0.10991065375977851,-0.1494780277607967,-0.20727374194450332,0
func3C,1023,rf,flip,encoding,0.11695435819456573,-0.410354035018757,-0.410354035018757,0
func3C,1023,tpe,own,own,0.5570516228005461,0.11666963100638922,0.07863460454843935,0
func3C,1023,random,random,combination,0.24649868608569792,0.20046072599210835,0.1659881788920356,0
func3C,1024,gp,keep,combination,-0.09235923472002508,-0.09235923472002508,-0.6330711646337595,0
func3C,1024,gp,keep,encoding,-0.058593316455892094,-0.1067615737678245,-0.1954793381877778,0
func3C,1024,gp,flip,combination,-0.058593316455892094,-0.5919117593510881,-0.5919117593510881,0
func3C,1024,gp,flip,encoding,-0.2321533095793564,-0.45037731709744294,-0.45037731709744294,0
func3C,1024,rf,keep,combination,-0.058593316455892094,-0.5441089342234979,-0.5441089342234979,0
func3C,1024,rf,keep,encoding,-0.058593316455892094,-0.14565112012474743,-0.14565112012474743,0
func3C,1024,rf,flip,combination,-0.4108497614856583,-0.4108497614856583,-0.6282567031512066,0
func3C,1024,rf,flip,encoding,-0.058593316455892094,-0.13093864882023254,-0.13093864882023254,0
func3C,1024,tpe,own,own,0.05093352098581229,0.05093352098581229,0.0033791734434858722,0
func3C,1024,random,random,combination,-0.058593316455892094,-0.058593316455892094,-0.058593316455892094,0
func3C,1025,gp,keep,combination,0.3048257283382652,-5.3359442738792895e-05,-0.00619007582707054,0
func3C,1025,gp,keep,encoding,0.3048257283382652,-0.043382733217564695,-0.16611581741896161,0
func3C,1025,gp,flip,combination,0.3048257283382652,0.09452129587290292,-0.49834353666155196,0
func3C,1025,gp,flip,encoding,0.18241985770099145,-0.2972312518891697,-0.2972312518891697,0
func3C,1025,rf,keep,combination,0.29504765688735823,0.278990587433589,-0.16028696971532103,0
func3C,1025,rf,keep,encoding,0.3048257283382652,0.1362902740764308,0.1362902740764308,0
func3C,1025,rf,flip,combination,0.3048257283382652,-0.43930110776129055,-0.43930110776129055,0
func3C,1025,rf,flip,encoding,0.3048257283382652,0.06724709507875853,-0.46901332476538415,0
func3C,1025,tpe,own,own,-0.018011445047876787,-0.3316604447219269,-0.41796142355763183,0
func3C,1025,random,random,combination,0.3048257283382652,0.3048257283382652,-0.20119033229682176,0
cat_ackley_d3_L5,1001,gp,keep,combination,18.18351393439618,4.440892098500626e-16,4.440892098500626e-16,0
cat_ackley_d3_L5,1001,gp,keep,encoding,18.18351393439618,18.18351393439618,18.18351393439618,47
cat_ackley_d3_L5,1001,gp,flip,combination,18.18351393439618,4.440892098500626e-16,4.440892098500626e-16,0
cat_ackley_d3_L5,1001,gp,flip,encoding,20.241123007322035,18.18351393439618,4.440892098500626e-16,50
cat_ackley_d3_L5,1001,rf,keep,combination,18.18351393439618,4.440892098500626e-16,4.440892098500626e-16,0
cat_ackley_d3_L5,1001,rf,keep,encoding,18.18351393439618,18.18351393439618,18.18351393439618,64
cat_ackley_d3_L5,1001,rf,flip,combination,18.18351393439618,4.440892098500626e-16,4.440892098500626e-16,0
cat_ackley_d3_L5,1001,rf,flip,encoding,18.18351393439618,4.440892098500626e-16,4.440892098500626e-16,57
cat_ackley_d3_L5,1001,tpe,own,own,18.18351393439618,18.18351393439618,4.440892098500626e-16,51
cat_ackley_d3_L5,1001,random,random,combination,20.241123007322035,4.440892098500626e-16,4.440892098500626e-16,0
cat_ackley_d3_L5,1002,gp,keep,combination,18.18351393439618,4.440892098500626e-16,4.440892098500626e-16,0
cat_ackley_d3_L5,1002,gp,keep,encoding,18.18351393439618,18.18351393439618,18.18351393439618,41
cat_ackley_d3_L5,1002,gp,flip,combination,18.18351393439618,4.440892098500626e-16,4.440892098500626e-16,0
cat_ackley_d3_L5,1002,gp,flip,encoding,18.18351393439618,18.18351393439618,18.18351393439618,52
cat_ackley_d3_L5,1002,rf,keep,combination,18.18351393439618,4.440892098500626e-16,4.440892098500626e-16,0
cat_ackley_d3_L5,1002,rf,keep,encoding,18.18351393439618,18.18351393439618,4.440892098500626e-16,42
cat_ackley_d3_L5,1002,rf,flip,combination,4.440892098500626e-16,4.440892098500626e-16,4.440892098500626e-16,0
cat_ackley_d3_L5,1002,rf,flip,encoding,20.492053317727446,4.440892098500626e-16,4.440892098500626e-16,49
cat_ackley_d3_L5,1002,tpe,own,own,20.241123007322035,18.18351393439618,4.440892098500626e-16,48
cat_ackley_d3_L5,1002,random,random,combination,20.492053317727446,20.241123007322035,18.18351393439618,0
cat_ackley_d3_L5,1003,gp,keep,combination,4.440892098500626e-16,4.440892098500626e-16,4.440892098500626e-16,0
cat_ackley_d3_L5,1003,gp,keep,encoding,18.18351393439618,18.18351393439618,18.18351393439618,52
cat_ackley_d3_L5,1003,gp,flip,combination,4.440892098500626e-16,4.440892098500626e-16,4.440892098500626e-16,0
cat_ackley_d3_L5,1003,gp,flip,encoding,18.18351393439618,18.18351393439618,18.18351393439618,44
cat_ackley_d3_L5,1003,rf,keep,combination,18.18351393439618,4.440892098500626e-16,4.440892098500626e-16,0
cat_ackley_d3_L5,1003,rf,keep,encoding,4.440892098500626e-16,4.440892098500626e-16,4.440892098500626e-16,63
cat_ackley_d3_L5,1003,rf,flip,combination,18.18351393439618,4.440892098500626e-16,4.440892098500626e-16,0
cat_ackley_d3_L5,1003,rf,flip,encoding,18.18351393439618,4.440892098500626e-16,4.440892098500626e-16,58
cat_ackley_d3_L5,1003,tpe,own,own,4.440892098500626e-16,4.440892098500626e-16,4.440892098500626e-16,56
cat_ackley_d3_L5,1003,random,random,combination,4.440892098500626e-16,4.440892098500626e-16,4.440892098500626e-16,0
cat_ackley_d3_L5,1004,gp,keep,combination,4.440892098500626e-16,4.440892098500626e-16,4.440892098500626e-16,0
cat_ackley_d3_L5,1004,gp,keep,encoding,4.440892098500626e-16,4.440892098500626e-16,4.440892098500626e-16,46
cat_ackley_d3_L5,1004,gp,flip,combination,4.440892098500626e-16,4.440892098500626e-16,4.440892098500626e-16,0
cat_ackley_d3_L5,1004,gp,flip,encoding,4.440892098500626e-16,4.440892098500626e-16,4.440892098500626e-16,39
cat_ackley_d3_L5,1004,rf,keep,combination,4.440892098500626e-16,4.440892098500626e-16,4.440892098500626e-16,0
cat_ackley_d3_L5,1004,rf,keep,encoding,4.440892098500626e-16,4.440892098500626e-16,4.440892098500626e-16,62
cat_ackley_d3_L5,1004,rf,flip,combination,4.440892098500626e-16,4.440892098500626e-16,4.440892098500626e-16,0
cat_ackley_d3_L5,1004,rf,flip,encoding,4.440892098500626e-16,4.440892098500626e-16,4.440892098500626e-16,67
cat_ackley_d3_L5,1004,tpe,own,own,4.440892098500626e-16,4.440892098500626e-16,4.440892098500626e-16,53
cat_ackley_d3_L5,1004,random,random,combination,4.440892098500626e-16,4.440892098500626e-16,4.440892098500626e-16,0
cat_ackley_d3_L5,1005,gp,keep,combination,18.18351393439618,4.440892098500626e-16,4.440892098500626e-16,0
cat_ackley_d3_L5,1005,gp,keep,encoding,18.18351393439618,4.440892098500626e-16,4.440892098500626e-16,57
cat_ackley_d3_L5,1005,gp,flip,combination,18.18351393439618,4.440892098500626e-16,4.440892098500626e-16,0
cat_ackley_d3_L5,1005,gp,flip,encoding,18.18351393439618,18.18351393439618,4.440892098500626e-16,63
cat_ackley_d3_L5,1005,rf,keep,combination,18.18351393439618,4.440892098500626e-16,4.440892098500626e-16,0
cat_ackley_d3_L5,1005,rf,keep,encoding,18.18351393439618,4.440892098500626e-16,4.440892098500626e-16,42
cat_ackley_d3_L5,1005,rf,flip,combination,18.18351393439618,4.440892098500626e-16,4.440892098500626e-16,0
cat_ackley_d3_L5,1005,rf,flip,encoding,18.18351393439618,4.440892098500626e-16,4.440892098500626e-16,53
cat_ackley_d3_L5,1005,tpe,own,own,20.492053317727446,20.241123007322035,18.18351393439618,60
cat_ackley_d3_L5,1005,random,random,combination,18.18351393439618,18.18351393439618,18.18351393439618,0
cat_ackley_d3_L5,1006,gp,keep,combination,18.18351393439618,4.440892098500626e-16,4.440892098500626e-16,0
cat_ackley_d3_L5,1006,gp,keep,encoding,4.440892098500626e-16,4.440892098500626e-16,4.440892098500626e-16,69
cat_ackley_d3_L5,1006,gp,flip,combination,18.18351393439618,4.440892098500626e-16,4.440892098500626e-16,0
cat_ackley_d3_L5,1006,gp,flip,encoding,18.18351393439618,4.440892098500626e-16,4.440892098500626e-16,55
cat_ackley_d3_L5,1006,rf,keep,combination,18.18351393439618,4.440892098500626e-16,4.440892098500626e-16,0
cat_ackley_d3_L5,1006,rf,keep,encoding,20.492053317727446,4.440892098500626e-16,4.440892098500626e-16,51
cat_ackley_d3_L5,1006,rf,flip,combination,4.440892098500626e-16,4.440892098500626e-16,4.440892098500626e-16,0
cat_ackley_d3_L5,1006,rf,flip,encoding,20.492053317727446,4.440892098500626e-16,4.440892098500626e-16,49
cat_ackley_d3_L5,1006,tpe,own,own,18.18351393439618,18.18351393439618,18.18351393439618,55
cat_ackley_d3_L5,1006,random,random,combination,18.18351393439618,18.18351393439618,4.440892098500626e-16,0
cat_ackley_d3_L5,1007,gp,keep,combination,18.18351393439618,4.440892098500626e-16,4.440892098500626e-16,0
cat_ackley_d3_L5,1007,gp,keep,encoding,18.18351393439618,18.18351393439618,4.440892098500626e-16,50
cat_ackley_d3_L5,1007,gp,flip,combination,18.18351393439618,4.440892098500626e-16,4.440892098500626e-16,0
cat_ackley_d3_L5,1007,gp,flip,encoding,18.18351393439618,18.18351393439618,18.18351393439618,62
cat_ackley_d3_L5,1007,rf,keep,combination,18.18351393439618,4.440892098500626e-16,4.440892098500626e-16,0
cat_ackley_d3_L5,1007,rf,keep,encoding,18.18351393439618,18.18351393439618,4.440892098500626e-16,53
cat_ackley_d3_L5,1007,rf,flip,combination,18.18351393439618,4.440892098500626e-16,4.440892098500626e-16,0
cat_ackley_d3_L5,1007,rf,flip,encoding,18.18351393439618,4.440892098500626e-16,4.440892098500626e-16,56
cat_ackley_d3_L5,1007,tpe,own,own,18.18351393439618,4.440892098500626e-16,4.440892098500626e-16,52
cat_ackley_d3_L5,1007,random,random,combination,18.18351393439618,18.18351393439618,18.18351393439618,0
cat_ackley_d3_L5,1008,gp,keep,combination,18.18351393439618,4.440892098500626e-16,4.440892098500626e-16,0
cat_ackley_d3_L5,1008,gp,keep,encoding,20.241123007322035,18.18351393439618,4.440892098500626e-16,44
cat_ackley_d3_L5,1008,gp,flip,combination,18.18351393439618,4.440892098500626e-16,4.440892098500626e-16,0
cat_ackley_d3_L5,1008,gp,flip,encoding,20.241123007322035,20.241123007322035,4.440892098500626e-16,63
cat_ackley_d3_L5,1008,rf,keep,combination,18.18351393439618,4.440892098500626e-16,4.440892098500626e-16,0
cat_ackley_d3_L5,1008,rf,keep,encoding,20.241123007322035,4.440892098500626e-16,4.440892098500626e-16,55
cat_ackley_d3_L5,1008,rf,flip,combination,20.241123007322035,4.440892098500626e-16,4.440892098500626e-16,0
cat_ackley_d3_L5,1008,rf,flip,encoding,18.18351393439618,4.440892098500626e-16,4.440892098500626e-16,58
cat_ackley_d3_L5,1008,tpe,own,own,18.18351393439618,4.440892098500626e-16,4.440892098500626e-16,50
cat_ackley_d3_L5,1008,random,random,combination,18.18351393439618,4.440892098500626e-16,4.440892098500626e-16,0
cat_ackley_d3_L5,1009,gp,keep,combination,20.492053317727446,18.18351393439618,4.440892098500626e-16,0
cat_ackley_d3_L5,1009,gp,keep,encoding,20.492053317727446,4.440892098500626e-16,4.440892098500626e-16,60
cat_ackley_d3_L5,1009,gp,flip,combination,20.241123007322035,18.18351393439618,4.440892098500626e-16,0
cat_ackley_d3_L5,1009,gp,flip,encoding,20.492053317727446,18.18351393439618,4.440892098500626e-16,61
cat_ackley_d3_L5,1009,rf,keep,combination,18.18351393439618,4.440892098500626e-16,4.440892098500626e-16,0
cat_ackley_d3_L5,1009,rf,keep,encoding,4.440892098500626e-16,4.440892098500626e-16,4.440892098500626e-16,54
cat_ackley_d3_L5,1009,rf,flip,combination,18.18351393439618,4.440892098500626e-16,4.440892098500626e-16,0
cat_ackley_d3_L5,1009,rf,flip,encoding,18.18351393439618,4.440892098500626e-16,4.440892098500626e-16,53
cat_ackley_d3_L5,1009,tpe,own,own,18.18351393439618,4.440892098500626e-16,4.440892098500626e-16,54
cat_ackley_d3_L5,1009,random,random,combination,20.492053317727446,18.18351393439618,4.440892098500626e-16,0
cat_ackley_d3_L5,1010,gp,keep,combination,4.440892098500626e-16,4.440892098500626e-16,4.440892098500626e-16,0
cat_ackley_d3_L5,1010,gp,keep,encoding,4.440892098500626e-16,4.440892098500626e-16,4.440892098500626e-16,45
cat_ackley_d3_L5,1010,gp,flip,combination,4.440892098500626e-16,4.440892098500626e-16,4.440892098500626e-16,0
cat_ackley_d3_L5,1010,gp,flip,encoding,4.440892098500626e-16,4.440892098500626e-16,4.440892098500626e-16,51
cat_ackley_d3_L5,1010,rf,keep,combination,20.241123007322035,4.440892098500626e-16,4.440892098500626e-16,0
cat_ackley_d3_L5,1010,rf,keep,encoding,4.440892098500626e-16,4.440892098500626e-16,4.440892098500626e-16,62
cat_ackley_d3_L5,1010,rf,flip,combination,18.18351393439618,4.440892098500626e-16,4.440892098500626e-16,0
cat_ackley_d3_L5,1010,rf,flip,encoding,18.18351393439618,4.440892098500626e-16,4.440892098500626e-16,53
cat_ackley_d3_L5,1010,tpe,own,own,20.241123007322035,18.18351393439618,4.440892098500626e-16,57
cat_ackley_d3_L5,1010,random,random,combination,20.241123007322035,20.241123007322035,4.440892098500626e-16,0
cat_ackley_d3_L5,1011,gp,keep,combination,20.241123007322035,18.18351393439618,4.440892098500626e-16,0
cat_ackley_d3_L5,1011,gp,keep,encoding,20.492053317727446,4.440892098500626e-16,4.440892098500626e-16,49
cat_ackley_d3_L5,1011,gp,flip,combination,20.492053317727446,18.18351393439618,4.440892098500626e-16,0
cat_ackley_d3_L5,1011,gp,flip,encoding,20.492053317727446,18.18351393439618,4.440892098500626e-16,61
cat_ackley_d3_L5,1011,rf,keep,combination,18.18351393439618,4.440892098500626e-16,4.440892098500626e-16,0
cat_ackley_d3_L5,1011,rf,keep,encoding,20.241123007322035,18.18351393439618,18.18351393439618,57
cat_ackley_d3_L5,1011,rf,flip,combination,20.492053317727446,4.440892098500626e-16,4.440892098500626e-16,0
cat_ackley_d3_L5,1011,rf,flip,encoding,18.18351393439618,4.440892098500626e-16,4.440892098500626e-16,49
cat_ackley_d3_L5,1011,tpe,own,own,20.241123007322035,18.18351393439618,4.440892098500626e-16,56
cat_ackley_d3_L5,1011,random,random,combination,20.241123007322035,4.440892098500626e-16,4.440892098500626e-16,0
cat_ackley_d3_L5,1012,gp,keep,combination,18.18351393439618,4.440892098500626e-16,4.440892098500626e-16,0
cat_ackley_d3_L5,1012,gp,keep,encoding,4.440892098500626e-16,4.440892098500626e-16,4.440892098500626e-16,41
cat_ackley_d3_L5,1012,gp,flip,combination,18.18351393439618,4.440892098500626e-16,4.440892098500626e-16,0
cat_ackley_d3_L5,1012,gp,flip,encoding,18.18351393439618,18.18351393439618,4.440892098500626e-16,45
cat_ackley_d3_L5,1012,rf,keep,combination,18.18351393439618,4.440892098500626e-16,4.440892098500626e-16,0
cat_ackley_d3_L5,1012,rf,keep,encoding,20.241123007322035,4.440892098500626e-16,4.440892098500626e-16,50
cat_ackley_d3_L5,1012,rf,flip,combination,18.18351393439618,4.440892098500626e-16,4.440892098500626e-16,0
cat_ackley_d3_L5,1012,rf,flip,encoding,4.440892098500626e-16,4.440892098500626e-16,4.440892098500626e-16,57
cat_ackley_d3_L5,1012,tpe,own,own,18.18351393439618,18.18351393439618,18.18351393439618,51
cat_ackley_d3_L5,1012,random,random,combination,20.241123007322035,18.18351393439618,18.18351393439618,0
cat_ackley_d3_L5,1013,gp,keep,combination,18.18351393439618,4.440892098500626e-16,4.440892098500626e-16,0
cat_ackley_d3_L5,1013,gp,keep,encoding,20.492053317727446,18.18351393439618,4.440892098500626e-16,52
cat_ackley_d3_L5,1013,gp,flip,combination,20.492053317727446,4.440892098500626e-16,4.440892098500626e-16,0
cat_ackley_d3_L5,1013,gp,flip,encoding,20.492053317727446,18.18351393439618,18.18351393439618,52
cat_ackley_d3_L5,1013,rf,keep,combination,18.18351393439618,4.440892098500626e-16,4.440892098500626e-16,0
cat_ackley_d3_L5,1013,rf,keep,encoding,18.18351393439618,4.440892098500626e-16,4.440892098500626e-16,48
cat_ackley_d3_L5,1013,rf,flip,combination,18.18351393439618,4.440892098500626e-16,4.440892098500626e-16,0
cat_ackley_d3_L5,1013,rf,flip,encoding,20.492053317727446,4.440892098500626e-16,4.440892098500626e-16,54
cat_ackley_d3_L5,1013,tpe,own,own,18.18351393439618,18.18351393439618,4.440892098500626e-16,53
cat_ackley_d3_L5,1013,random,random,combination,18.18351393439618,4.440892098500626e-16,4.440892098500626e-16,0
cat_ackley_d3_L5,1014,gp,keep,combination,18.18351393439618,4.440892098500626e-16,4.440892098500626e-16,0
cat_ackley_d3_L5,1014,gp,keep,encoding,20.241123007322035,4.440892098500626e-16,4.440892098500626e-16,47
cat_ackley_d3_L5,1014,gp,flip,combination,18.18351393439618,4.440892098500626e-16,4.440892098500626e-16,0
cat_ackley_d3_L5,1014,gp,flip,encoding,18.18351393439618,4.440892098500626e-16,4.440892098500626e-16,52
cat_ackley_d3_L5,1014,rf,keep,combination,18.18351393439618,4.440892098500626e-16,4.440892098500626e-16,0
cat_ackley_d3_L5,1014,rf,keep,encoding,18.18351393439618,18.18351393439618,4.440892098500626e-16,54
cat_ackley_d3_L5,1014,rf,flip,combination,18.18351393439618,4.440892098500626e-16,4.440892098500626e-16,0
cat_ackley_d3_L5,1014,rf,flip,encoding,18.18351393439618,4.440892098500626e-16,4.440892098500626e-16,52
cat_ackley_d3_L5,1014,tpe,own,own,4.440892098500626e-16,4.440892098500626e-16,4.440892098500626e-16,49
cat_ackley_d3_L5,1014,random,random,combination,18.18351393439618,4.440892098500626e-16,4.440892098500626e-16,0
cat_ackley_d3_L5,1015,gp,keep,combination,4.440892098500626e-16,4.440892098500626e-16,4.440892098500626e-16,0
cat_ackley_d3_L5,1015,gp,keep,encoding,18.18351393439618,18.18351393439618,18.18351393439618,50
cat_ackley_d3_L5,1015,gp,flip,combination,4.440892098500626e-16,4.440892098500626e-16,4.440892098500626e-16,0
cat_ackley_d3_L5,1015,gp,flip,encoding,4.440892098500626e-16,4.440892098500626e-16,4.440892098500626e-16,33
cat_ackley_d3_L5,1015,rf,keep,combination,18.18351393439618,4.440892098500626e-16,4.440892098500626e-16,0
cat_ackley_d3_L5,1015,rf,keep,encoding,4.440892098500626e-16,4.440892098500626e-16,4.440892098500626e-16,68
cat_ackley_d3_L5,1015,rf,flip,combination,18.18351393439618,4.440892098500626e-16,4.440892098500626e-16,0
cat_ackley_d3_L5,1015,rf,flip,encoding,18.18351393439618,4.440892098500626e-16,4.440892098500626e-16,57
cat_ackley_d3_L5,1015,tpe,own,own,4.440892098500626e-16,4.440892098500626e-16,4.440892098500626e-16,54
cat_ackley_d3_L5,1015,random,random,combination,20.241123007322035,18.18351393439618,4.440892098500626e-16,0
cat_ackley_d3_L5,1016,gp,keep,combination,18.18351393439618,4.440892098500626e-16,4.440892098500626e-16,0
cat_ackley_d3_L5,1016,gp,keep,encoding,18.18351393439618,4.440892098500626e-16,4.440892098500626e-16,57
cat_ackley_d3_L5,1016,gp,flip,combination,18.18351393439618,4.440892098500626e-16,4.440892098500626e-16,0
cat_ackley_d3_L5,1016,gp,flip,encoding,18.18351393439618,4.440892098500626e-16,4.440892098500626e-16,48
cat_ackley_d3_L5,1016,rf,keep,combination,4.440892098500626e-16,4.440892098500626e-16,4.440892098500626e-16,0
cat_ackley_d3_L5,1016,rf,keep,encoding,18.18351393439618,4.440892098500626e-16,4.440892098500626e-16,64
cat_ackley_d3_L5,1016,rf,flip,combination,4.440892098500626e-16,4.440892098500626e-16,4.440892098500626e-16,0
cat_ackley_d3_L5,1016,rf,flip,encoding,18.18351393439618,4.440892098500626e-16,4.440892098500626e-16,55
cat_ackley_d3_L5,1016,tpe,own,own,4.440892098500626e-16,4.440892098500626e-16,4.440892098500626e-16,52
cat_ackley_d3_L5,1016,random,random,combination,18.18351393439618,18.18351393439618,18.18351393439618,0
cat_ackley_d3_L5,1017,gp,keep,combination,18.18351393439618,4.440892098500626e-16,4.440892098500626e-16,0
cat_ackley_d3_L5,1017,gp,keep,encoding,20.492053317727446,4.440892098500626e-16,4.440892098500626e-16,65
cat_ackley_d3_L5,1017,gp,flip,combination,18.18351393439618,4.440892098500626e-16,4.440892098500626e-16,0
cat_ackley_d3_L5,1017,gp,flip,encoding,18.18351393439618,18.18351393439618,4.440892098500626e-16,55
cat_ackley_d3_L5,1017,rf,keep,combination,18.18351393439618,4.440892098500626e-16,4.440892098500626e-16,0
cat_ackley_d3_L5,1017,rf,keep,encoding,4.440892098500626e-16,4.440892098500626e-16,4.440892098500626e-16,49
cat_ackley_d3_L5,1017,rf,flip,combination,4.440892098500626e-16,4.440892098500626e-16,4.440892098500626e-16,0
cat_ackley_d3_L5,1017,rf,flip,encoding,18.18351393439618,4.440892098500626e-16,4.440892098500626e-16,53
cat_ackley_d3_L5,1017,tpe,own,own,4.440892098500626e-16,4.440892098500626e-16,4.440892098500626e-16,55
cat_ackley_d3_L5,1017,random,random,combination,18.18351393439618,18.18351393439618,4.440892098500626e-16,0
cat_ackley_d3_L5,1018,gp,keep,combination,18.18351393439618,4.440892098500626e-16,4.440892098500626e-16,0
cat_ackley_d3_L5,1018,gp,keep,encoding,20.492053317727446,4.440892098500626e-16,4.440892098500626e-16,51
cat_ackley_d3_L5,1018,gp,flip,combination,4.440892098500626e-16,4.440892098500626e-16,4.440892098500626e-16,0
cat_ackley_d3_L5,1018,gp,flip,encoding,20.492053317727446,18.18351393439618,4.440892098500626e-16,50
cat_ackley_d3_L5,1018,rf,keep,combination,18.18351393439618,4.440892098500626e-16,4.440892098500626e-16,0
cat_ackley_d3_L5,1018,rf,keep,encoding,20.492053317727446,18.18351393439618,4.440892098500626e-16,37
cat_ackley_d3_L5,1018,rf,flip,combination,4.440892098500626e-16,4.440892098500626e-16,4.440892098500626e-16,0
cat_ackley_d3_L5,1018,rf,flip,encoding,18.18351393439618,4.440892098500626e-16,4.440892098500626e-16,57
cat_ackley_d3_L5,1018,tpe,own,own,18.18351393439618,18.18351393439618,4.440892098500626e-16,47
cat_ackley_d3_L5,1018,random,random,combination,18.18351393439618,4.440892098500626e-16,4.440892098500626e-16,0
cat_ackley_d3_L5,1019,gp,keep,combination,18.18351393439618,4.440892098500626e-16,4.440892098500626e-16,0
cat_ackley_d3_L5,1019,gp,keep,encoding,18.18351393439618,18.18351393439618,4.440892098500626e-16,57
cat_ackley_d3_L5,1019,gp,flip,combination,18.18351393439618,4.440892098500626e-16,4.440892098500626e-16,0
cat_ackley_d3_L5,1019,gp,flip,encoding,18.18351393439618,4.440892098500626e-16,4.440892098500626e-16,54
cat_ackley_d3_L5,1019,rf,keep,combination,18.18351393439618,4.440892098500626e-16,4.440892098500626e-16,0
cat_ackley_d3_L5,1019,rf,keep,encoding,18.18351393439618,4.440892098500626e-16,4.440892098500626e-16,60
cat_ackley_d3_L5,1019,rf,flip,combination,4.440892098500626e-16,4.440892098500626e-16,4.440892098500626e-16,0
cat_ackley_d3_L5,1019,rf,flip,encoding,18.18351393439618,4.440892098500626e-16,4.440892098500626e-16,52
cat_ackley_d3_L5,1019,tpe,own,own,18.18351393439618,18.18351393439618,4.440892098500626e-16,51
cat_ackley_d3_L5,1019,random,random,combination,4.440892098500626e-16,4.440892098500626e-16,4.440892098500626e-16,0
cat_ackley_d3_L5,1020,gp,keep,combination,4.440892098500626e-16,4.440892098500626e-16,4.440892098500626e-16,0
cat_ackley_d3_L5,1020,gp,keep,encoding,4.440892098500626e-16,4.440892098500626e-16,4.440892098500626e-16,35
cat_ackley_d3_L5,1020,gp,flip,combination,4.440892098500626e-16,4.440892098500626e-16,4.440892098500626e-16,0
cat_ackley_d3_L5,1020,gp,flip,encoding,4.440892098500626e-16,4.440892098500626e-16,4.440892098500626e-16,41
cat_ackley_d3_L5,1020,rf,keep,combination,4.440892098500626e-16,4.440892098500626e-16,4.440892098500626e-16,0
cat_ackley_d3_L5,1020,rf,keep,encoding,4.440892098500626e-16,4.440892098500626e-16,4.440892098500626e-16,57
cat_ackley_d3_L5,1020,rf,flip,combination,4.440892098500626e-16,4.440892098500626e-16,4.440892098500626e-16,0
cat_ackley_d3_L5,1020,rf,flip,encoding,4.440892098500626e-16,4.440892098500626e-16,4.440892098500626e-16,67
cat_ackley_d3_L5,1020,tpe,own,own,18.18351393439618,18.18351393439618,4.440892098500626e-16,52
cat_ackley_d3_L5,1020,random,random,combination,4.440892098500626e-16,4.440892098500626e-16,4.440892098500626e-16,0
cat_ackley_d3_L5,1021,gp,keep,combination,4.440892098500626e-16,4.440892098500626e-16,4.440892098500626e-16,0
cat_ackley_d3_L5,1021,gp,keep,encoding,18.18351393439618,18.18351393439618,18.18351393439618,57
cat_ackley_d3_L5,1021,gp,flip,combination,18.18351393439618,4.440892098500626e-16,4.440892098500626e-16,0
cat_ackley_d3_L5,1021,gp,flip,encoding,18.18351393439618,18.18351393439618,4.440892098500626e-16,55
cat_ackley_d3_L5,1021,rf,keep,combination,4.440892098500626e-16,4.440892098500626e-16,4.440892098500626e-16,0
cat_ackley_d3_L5,1021,rf,keep,encoding,18.18351393439618,4.440892098500626e-16,4.440892098500626e-16,51
cat_ackley_d3_L5,1021,rf,flip,combination,18.18351393439618,4.440892098500626e-16,4.440892098500626e-16,0
cat_ackley_d3_L5,1021,rf,flip,encoding,4.440892098500626e-16,4.440892098500626e-16,4.440892098500626e-16,68
cat_ackley_d3_L5,1021,tpe,own,own,18.18351393439618,4.440892098500626e-16,4.440892098500626e-16,51
cat_ackley_d3_L5,1021,random,random,combination,4.440892098500626e-16,4.440892098500626e-16,4.440892098500626e-16,0
cat_ackley_d3_L5,1022,gp,keep,combination,18.18351393439618,18.18351393439618,4.440892098500626e-16,0
cat_ackley_d3_L5,1022,gp,keep,encoding,18.18351393439618,18.18351393439618,4.440892098500626e-16,63
cat_ackley_d3_L5,1022,gp,flip,combination,18.18351393439618,4.440892098500626e-16,4.440892098500626e-16,0
cat_ackley_d3_L5,1022,gp,flip,encoding,18.18351393439618,18.18351393439618,18.18351393439618,46
cat_ackley_d3_L5,1022,rf,keep,combination,4.440892098500626e-16,4.440892098500626e-16,4.440892098500626e-16,0
cat_ackley_d3_L5,1022,rf,keep,encoding,18.18351393439618,4.440892098500626e-16,4.440892098500626e-16,56
cat_ackley_d3_L5,1022,rf,flip,combination,18.18351393439618,4.440892098500626e-16,4.440892098500626e-16,0
cat_ackley_d3_L5,1022,rf,flip,encoding,18.18351393439618,4.440892098500626e-16,4.440892098500626e-16,51
cat_ackley_d3_L5,1022,tpe,own,own,20.241123007322035,20.241123007322035,18.18351393439618,53
cat_ackley_d3_L5,1022,random,random,combination,4.440892098500626e-16,4.440892098500626e-16,4.440892098500626e-16,0
cat_ackley_d3_L5,1023,gp,keep,combination,4.440892098500626e-16,4.440892098500626e-16,4.440892098500626e-16,0
cat_ackley_d3_L5,1023,gp,keep,encoding,4.440892098500626e-16,4.440892098500626e-16,4.440892098500626e-16,58
cat_ackley_d3_L5,1023,gp,flip,combination,4.440892098500626e-16,4.440892098500626e-16,4.440892098500626e-16,0
cat_ackley_d3_L5,1023,gp,flip,encoding,4.440892098500626e-16,4.440892098500626e-16,4.440892098500626e-16,67
cat_ackley_d3_L5,1023,rf,keep,combination,4.440892098500626e-16,4.440892098500626e-16,4.440892098500626e-16,0
cat_ackley_d3_L5,1023,rf,keep,encoding,4.440892098500626e-16,4.440892098500626e-16,4.440892098500626e-16,67
cat_ackley_d3_L5,1023,rf,flip,combination,4.440892098500626e-16,4.440892098500626e-16,4.440892098500626e-16,0
cat_ackley_d3_L5,1023,rf,flip,encoding,4.440892098500626e-16,4.440892098500626e-16,4.440892098500626e-16,66
cat_ackley_d3_L5,1023,tpe,own,own,20.492053317727446,4.440892098500626e-16,4.440892098500626e-16,56
cat_ackley_d3_L5,1023,random,random,combination,4.440892098500626e-16,4.440892098500626e-16,4.440892098500626e-16,0
cat_ackley_d3_L5,1024,gp,keep,combination,18.18351393439618,4.440892098500626e-16,4.440892098500626e-16,0
cat_ackley_d3_L5,1024,gp,keep,encoding,4.440892098500626e-16,4.440892098500626e-16,4.440892098500626e-16,53
cat_ackley_d3_L5,1024,gp,flip,combination,18.18351393439618,4.440892098500626e-16,4.440892098500626e-16,0
cat_ackley_d3_L5,1024,gp,flip,encoding,18.18351393439618,4.440892098500626e-16,4.440892098500626e-16,51
cat_ackley_d3_L5,1024,rf,keep,combination,18.18351393439618,4.440892098500626e-16,4.440892098500626e-16,0
cat_ackley_d3_L5,1024,rf,keep,encoding,18.18351393439618,4.440892098500626e-16,4.440892098500626e-16,45
cat_ackley_d3_L5,1024,rf,flip,combination,18.18351393439618,4.440892098500626e-16,4.440892098500626e-16,0
cat_ackley_d3_L5,1024,rf,flip,encoding,18.18351393439618,4.440892098500626e-16,4.440892098500626e-16,47
cat_ackley_d3_L5,1024,tpe,own,own,4.440892098500626e-16,4.440892098500626e-16,4.440892098500626e-16,49
cat_ackley_d3_L5,1024,random,random,combination,18.18351393439618,18.18351393439618,18.18351393439618,0
cat_ackley_d3_L5,1025,gp,keep,combination,20.492053317727446,4.440892098500626e-16,4.440892098500626e-16,0
cat_ackley_d3_L5,1025,gp,keep,encoding,21.118746999618583,18.18351393439618,4.440892098500626e-16,58
cat_ackley_d3_L5,1025,gp,flip,combination,21.118746999618583,18.18351393439618,4.440892098500626e-16,0
cat_ackley_d3_L5,1025,gp,flip,encoding,21.118746999618583,20.241123007322035,18.18351393439618,62
cat_ackley_d3_L5,1025,rf,keep,combination,18.18351393439618,4.440892098500626e-16,4.440892098500626e-16,0
cat_ackley_d3_L5,1025,rf,keep,encoding,21.118746999618583,4.440892098500626e-16,4.440892098500626e-16,51
cat_ackley_d3_L5,1025,rf,flip,combination,20.241123007322035,4.440892098500626e-16,4.440892098500626e-16,0
cat_ackley_d3_L5,1025,rf,flip,encoding,20.241123007322035,4.440892098500626e-16,4.440892098500626e-16,44
cat_ackley_d3_L5,1025,tpe,own,own,4.440892098500626e-16,4.440892098500626e-16,4.440892098500626e-16,53
cat_ackley_d3_L5,1025,random,random,combination,18.18351393439618,18.18351393439618,4.440892098500626e-16,0
